Date,Close
2012-01-03 16:00:00,14.69
2012-01-04 16:00:00,14.77
2012-01-05 16:00:00,14.93
2012-01-06 16:00:00,15.09
2012-01-09 16:00:00,15.06
2012-01-10 16:00:00,15.12
2012-01-11 16:00:00,15.09
2012-01-12 16:00:00,15.05
2012-01-13 16:00:00,14.99
2012-01-17 16:00:00,15.17
2012-01-18 16:00:00,15.33
2012-01-19 16:00:00,15.28
2012-01-20 16:00:00,15.01
2012-01-23 16:00:00,15.26
2012-01-24 16:00:00,15.01
2012-01-25 16:00:00,15.95
2012-01-26 16:00:00,15.88
2012-01-27 16:00:00,15.97
2012-01-30 16:00:00,16.18
2012-01-31 16:00:00,16.3
2012-02-01 16:00:00,16.29
2012-02-02 16:00:00,16.25
2012-02-03 16:00:00,16.42
2012-02-06 16:00:00,16.57
2012-02-07 16:00:00,16.74
2012-02-08 16:00:00,17.02
2012-02-09 16:00:00,17.61
2012-02-10 16:00:00,17.62
2012-02-13 16:00:00,17.95
2012-02-14 16:00:00,18.2
2012-02-15 16:00:00,17.77
2012-02-16 16:00:00,17.94
2012-02-17 16:00:00,17.93
2012-02-21 16:00:00,18.39
2012-02-22 16:00:00,18.32
2012-02-23 16:00:00,18.44
2012-02-24 16:00:00,18.66
2012-02-27 16:00:00,18.78
2012-02-28 16:00:00,19.12
2012-02-29 16:00:00,19.37
2012-03-01 16:00:00,19.45
2012-03-02 16:00:00,19.47
2012-03-05 16:00:00,19.04
2012-03-06 16:00:00,18.94
2012-03-07 16:00:00,18.95
2012-03-08 16:00:00,19.36
2012-03-09 16:00:00,19.47
2012-03-12 16:00:00,19.71
2012-03-13 16:00:00,20.29
2012-03-14 16:00:00,21.06
2012-03-15 16:00:00,20.91
2012-03-16 16:00:00,20.91
2012-03-19 16:00:00,21.47
2012-03-20 16:00:00,21.64
2012-03-21 16:00:00,21.52
2012-03-22 16:00:00,21.41
2012-03-23 16:00:00,21.29
2012-03-26 16:00:00,21.68
2012-03-27 16:00:00,21.95
2012-03-28 16:00:00,22.06
2012-03-29 16:00:00,21.78
2012-03-30 16:00:00,21.41
2012-04-02 16:00:00,22.09
2012-04-03 16:00:00,22.48
2012-04-04 16:00:00,22.3
2012-04-05 16:00:00,22.63
2012-04-09 16:00:00,22.72
2012-04-10 16:00:00,22.44
2012-04-11 16:00:00,22.36
2012-04-12 16:00:00,22.24
2012-04-13 16:00:00,21.62
2012-04-16 16:00:00,20.72
2012-04-17 16:00:00,21.78
2012-04-18 16:00:00,21.73
2012-04-19 16:00:00,20.98
2012-04-20 16:00:00,20.46
2012-04-23 16:00:00,20.42
2012-04-24 16:00:00,20.01
2012-04-25 16:00:00,21.79
2012-04-26 16:00:00,21.7
2012-04-27 16:00:00,21.54
2012-04-30 16:00:00,20.86
2012-05-01 16:00:00,20.79
2012-05-02 16:00:00,20.93
2012-05-03 16:00:00,20.78
2012-05-04 16:00:00,20.19
2012-05-07 16:00:00,20.34
2012-05-08 16:00:00,20.29
2012-05-09 16:00:00,20.33
2012-05-10 16:00:00,20.38
2012-05-11 16:00:00,20.24
2012-05-14 16:00:00,19.94
2012-05-15 16:00:00,19.76
2012-05-16 16:00:00,19.5
2012-05-17 16:00:00,18.93
2012-05-18 16:00:00,18.94
2012-05-21 16:00:00,20.05
2012-05-22 16:00:00,19.89
2012-05-23 16:00:00,20.38
2012-05-24 16:00:00,20.19
2012-05-25 16:00:00,20.08
2012-05-29 16:00:00,20.44
2012-05-30 16:00:00,20.68
2012-05-31 16:00:00,20.63
2012-06-01 16:00:00,20.04
2012-06-04 16:00:00,20.15
2012-06-05 16:00:00,20.1
2012-06-06 16:00:00,20.41
2012-06-07 16:00:00,20.42
2012-06-08 16:00:00,20.73
2012-06-11 16:00:00,20.4
2012-06-12 16:00:00,20.58
2012-06-13 16:00:00,20.43
2012-06-14 16:00:00,20.41
2012-06-15 16:00:00,20.5
2012-06-18 16:00:00,20.92
2012-06-19 16:00:00,20.98
2012-06-20 16:00:00,20.92
2012-06-21 16:00:00,20.63
2012-06-22 16:00:00,20.79
2012-06-25 16:00:00,20.38
2012-06-26 16:00:00,20.43
2012-06-27 16:00:00,20.52
2012-06-28 16:00:00,20.32
2012-06-29 16:00:00,20.86
2012-07-02 16:00:00,21.16
2012-07-03 16:00:00,21.41
2012-07-05 16:00:00,21.78
2012-07-06 16:00:00,21.64
2012-07-09 16:00:00,21.92
2012-07-10 16:00:00,21.72
2012-07-11 16:00:00,21.59
2012-07-12 16:00:00,21.39
2012-07-13 16:00:00,21.61
2012-07-16 16:00:00,21.68
2012-07-17 16:00:00,21.68
2012-07-18 16:00:00,21.65
2012-07-19 16:00:00,21.94
2012-07-20 16:00:00,21.58
2012-07-23 16:00:00,21.57
2012-07-24 16:00:00,21.46
2012-07-25 16:00:00,20.53
2012-07-26 16:00:00,20.53
2012-07-27 16:00:00,20.9
2012-07-30 16:00:00,21.25
2012-07-31 16:00:00,21.81
2012-08-01 16:00:00,21.67
2012-08-02 16:00:00,21.71
2012-08-03 16:00:00,21.99
2012-08-06 16:00:00,22.23
2012-08-07 16:00:00,22.18
2012-08-08 16:00:00,22.14
2012-08-09 16:00:00,22.17
2012-08-10 16:00:00,22.2
2012-08-13 16:00:00,22.5
2012-08-14 16:00:00,22.56
2012-08-15 16:00:00,22.53
2012-08-16 16:00:00,22.73
2012-08-17 16:00:00,23.15
2012-08-20 16:00:00,23.76
2012-08-21 16:00:00,23.43
2012-08-22 16:00:00,23.89
2012-08-23 16:00:00,23.67
2012-08-24 16:00:00,23.69
2012-08-27 16:00:00,24.13
2012-08-28 16:00:00,24.1
2012-08-29 16:00:00,24.05
2012-08-30 16:00:00,23.71
2012-08-31 16:00:00,23.76
2012-09-04 16:00:00,24.11
2012-09-05 16:00:00,23.94
2012-09-06 16:00:00,24.15
2012-09-07 16:00:00,24.3
2012-09-10 16:00:00,23.67
2012-09-11 16:00:00,23.59
2012-09-12 16:00:00,23.92
2012-09-13 16:00:00,24.39
2012-09-14 16:00:00,24.69
2012-09-17 16:00:00,24.99
2012-09-18 16:00:00,25.07
2012-09-19 16:00:00,25.08
2012-09-20 16:00:00,24.95
2012-09-21 16:00:00,25.0
2012-09-24 16:00:00,24.67
2012-09-25 16:00:00,24.05
2012-09-26 16:00:00,23.76
2012-09-27 16:00:00,24.33
2012-09-28 16:00:00,23.83
2012-10-01 16:00:00,23.55
2012-10-02 16:00:00,23.62
2012-10-03 16:00:00,23.98
2012-10-04 16:00:00,23.81
2012-10-05 16:00:00,23.31
2012-10-08 16:00:00,22.79
2012-10-09 16:00:00,22.71
2012-10-10 16:00:00,22.89
2012-10-11 16:00:00,22.43
2012-10-12 16:00:00,22.49
2012-10-15 16:00:00,22.67
2012-10-16 16:00:00,23.21
2012-10-17 16:00:00,23.02
2012-10-18 16:00:00,22.59
2012-10-19 16:00:00,21.78
2012-10-22 16:00:00,22.64
2012-10-23 16:00:00,21.91
2012-10-24 16:00:00,22.03
2012-10-25 16:00:00,21.77
2012-10-26 16:00:00,21.57
2012-10-31 16:00:00,21.26
2012-11-01 16:00:00,21.3
2012-11-02 16:00:00,20.6
2012-11-05 16:00:00,20.88
2012-11-06 16:00:00,20.82
2012-11-07 16:00:00,19.93
2012-11-08 16:00:00,19.21
2012-11-09 16:00:00,19.54
2012-11-12 16:00:00,19.39
2012-11-13 16:00:00,19.39
2012-11-14 16:00:00,19.17
2012-11-15 16:00:00,18.77
2012-11-16 16:00:00,18.85
2012-11-19 16:00:00,20.2
2012-11-20 16:00:00,20.03
2012-11-21 16:00:00,20.06
2012-11-23 16:00:00,20.41
2012-11-26 16:00:00,21.05
2012-11-27 16:00:00,20.89
2012-11-28 16:00:00,20.82
2012-11-29 16:00:00,21.05
2012-11-30 16:00:00,20.9
2012-12-03 16:00:00,20.94
2012-12-04 16:00:00,20.57
2012-12-05 16:00:00,19.24
2012-12-06 16:00:00,19.54
2012-12-07 16:00:00,19.04
2012-12-10 16:00:00,18.92
2012-12-11 16:00:00,19.34
2012-12-12 16:00:00,19.25
2012-12-13 16:00:00,18.92
2012-12-14 16:00:00,18.21
2012-12-17 16:00:00,18.53
2012-12-18 16:00:00,19.07
2012-12-19 16:00:00,18.8
2012-12-20 16:00:00,18.63
2012-12-21 16:00:00,18.55
2012-12-24 16:00:00,18.58
2012-12-26 16:00:00,18.32
2012-12-27 16:00:00,18.4
2012-12-28 16:00:00,18.2
2012-12-31 16:00:00,19.01
2013-01-02 16:00:00,19.61
2013-01-03 16:00:00,19.36
2013-01-04 16:00:00,18.82
2013-01-07 16:00:00,18.71
2013-01-08 16:00:00,18.76
2013-01-09 16:00:00,18.47
2013-01-10 16:00:00,18.7
2013-01-11 16:00:00,18.58
2013-01-14 16:00:00,17.92
2013-01-15 16:00:00,17.35
2013-01-16 16:00:00,18.07
2013-01-17 16:00:00,17.95
2013-01-18 16:00:00,17.86
2013-01-22 16:00:00,18.03
2013-01-23 16:00:00,18.36
2013-01-24 16:00:00,16.09
2013-01-25 16:00:00,15.71
2013-01-28 16:00:00,16.07
2013-01-29 16:00:00,16.37
2013-01-30 16:00:00,16.32
2013-01-31 16:00:00,16.27
2013-02-01 16:00:00,16.2
2013-02-04 16:00:00,15.8
2013-02-05 16:00:00,16.35
2013-02-06 16:00:00,16.33
2013-02-07 16:00:00,16.72
2013-02-08 16:00:00,16.96
2013-02-11 16:00:00,17.14
2013-02-12 16:00:00,16.71
2013-02-13 16:00:00,16.68
2013-02-14 16:00:00,16.66
2013-02-15 16:00:00,16.43
2013-02-19 16:00:00,16.43
2013-02-20 16:00:00,16.03
2013-02-21 16:00:00,15.93
2013-02-22 16:00:00,16.1
2013-02-25 16:00:00,15.81
2013-02-26 16:00:00,16.03
2013-02-27 16:00:00,15.88
2013-02-28 16:00:00,15.76
2013-03-01 16:00:00,15.37
2013-03-04 16:00:00,15.0
2013-03-05 16:00:00,15.4
2013-03-06 16:00:00,15.2
2013-03-07 16:00:00,15.38
2013-03-08 16:00:00,15.42
2013-03-11 16:00:00,15.64
2013-03-12 16:00:00,15.3
2013-03-13 16:00:00,15.3
2013-03-14 16:00:00,15.45
2013-03-15 16:00:00,15.85
2013-03-18 16:00:00,16.28
2013-03-19 16:00:00,16.23
2013-03-20 16:00:00,16.15
2013-03-21 16:00:00,16.17
2013-03-22 16:00:00,16.5
2013-03-25 16:00:00,16.56
2013-03-26 16:00:00,16.47
2013-03-27 16:00:00,16.15
2013-03-28 16:00:00,15.81
2013-04-01 16:00:00,15.32
2013-04-02 16:00:00,15.35
2013-04-03 16:00:00,15.43
2013-04-04 16:00:00,15.28
2013-04-05 16:00:00,15.11
2013-04-08 16:00:00,15.22
2013-04-09 16:00:00,15.25
2013-04-10 16:00:00,15.56
2013-04-11 16:00:00,15.51
2013-04-12 16:00:00,15.35
2013-04-15 16:00:00,14.99
2013-04-16 16:00:00,15.22
2013-04-17 16:00:00,14.39
2013-04-18 16:00:00,14.0
2013-04-19 16:00:00,13.95
2013-04-22 16:00:00,14.24
2013-04-23 16:00:00,14.5
2013-04-24 16:00:00,14.48
2013-04-25 16:00:00,14.59
2013-04-26 16:00:00,14.9
2013-04-29 16:00:00,15.36
2013-04-30 16:00:00,15.81
2013-05-01 16:00:00,15.69
2013-05-02 16:00:00,15.91
2013-05-03 16:00:00,16.07
2013-05-06 16:00:00,16.45
2013-05-07 16:00:00,16.38
2013-05-08 16:00:00,16.57
2013-05-09 16:00:00,16.31
2013-05-10 16:00:00,16.18
2013-05-13 16:00:00,16.24
2013-05-14 16:00:00,15.85
2013-05-15 16:00:00,15.32
2013-05-16 16:00:00,15.52
2013-05-17 16:00:00,15.47
2013-05-20 16:00:00,15.82
2013-05-21 16:00:00,15.7
2013-05-22 16:00:00,15.76
2013-05-23 16:00:00,15.79
2013-05-24 16:00:00,15.9
2013-05-28 16:00:00,15.77
2013-05-29 16:00:00,15.89
2013-05-30 16:00:00,16.13
2013-05-31 16:00:00,16.06
2013-06-03 16:00:00,16.1
2013-06-04 16:00:00,16.05
2013-06-05 16:00:00,15.9
2013-06-06 16:00:00,15.66
2013-06-07 16:00:00,15.78
2013-06-10 16:00:00,15.67
2013-06-11 16:00:00,15.63
2013-06-12 16:00:00,15.44
2013-06-13 16:00:00,15.57
2013-06-14 16:00:00,15.36
2013-06-17 16:00:00,15.43
2013-06-18 16:00:00,15.42
2013-06-19 16:00:00,15.11
2013-06-20 16:00:00,14.89
2013-06-21 16:00:00,14.77
2013-06-24 16:00:00,14.38
2013-06-25 16:00:00,14.38
2013-06-26 16:00:00,14.22
2013-06-27 16:00:00,14.06
2013-06-28 16:00:00,14.16
2013-07-01 16:00:00,14.62
2013-07-02 16:00:00,14.95
2013-07-03 16:00:00,15.03
2013-07-05 16:00:00,14.91
2013-07-08 16:00:00,14.82
2013-07-09 16:00:00,15.08
2013-07-10 16:00:00,15.03
2013-07-11 16:00:00,15.26
2013-07-12 16:00:00,15.23
2013-07-15 16:00:00,15.27
2013-07-16 16:00:00,15.36
2013-07-17 16:00:00,15.37
2013-07-18 16:00:00,15.42
2013-07-19 16:00:00,15.18
2013-07-22 16:00:00,15.23
2013-07-23 16:00:00,14.96
2013-07-24 16:00:00,15.73
2013-07-25 16:00:00,15.66
2013-07-26 16:00:00,15.75
2013-07-29 16:00:00,15.99
2013-07-30 16:00:00,16.19
2013-07-31 16:00:00,16.16
2013-08-01 16:00:00,16.31
2013-08-02 16:00:00,16.52
2013-08-05 16:00:00,16.77
2013-08-06 16:00:00,16.62
2013-08-07 16:00:00,16.61
2013-08-08 16:00:00,16.46
2013-08-09 16:00:00,16.23
2013-08-12 16:00:00,16.69
2013-08-13 16:00:00,17.48
2013-08-14 16:00:00,17.8
2013-08-15 16:00:00,17.78
2013-08-16 16:00:00,17.94
2013-08-19 16:00:00,18.13
2013-08-20 16:00:00,17.9
2013-08-21 16:00:00,17.94
2013-08-22 16:00:00,17.96
2013-08-23 16:00:00,17.89
2013-08-26 16:00:00,17.96
2013-08-27 16:00:00,17.45
2013-08-28 16:00:00,17.53
2013-08-29 16:00:00,17.56
2013-08-30 16:00:00,17.4
2013-09-03 16:00:00,17.45
2013-09-04 16:00:00,17.81
2013-09-05 16:00:00,17.69
2013-09-06 16:00:00,17.79
2013-09-09 16:00:00,18.08
2013-09-10 16:00:00,17.67
2013-09-11 16:00:00,16.7
2013-09-12 16:00:00,16.88
2013-09-13 16:00:00,16.6
2013-09-16 16:00:00,16.08
2013-09-17 16:00:00,16.26
2013-09-18 16:00:00,16.6
2013-09-19 16:00:00,16.87
2013-09-20 16:00:00,16.69
2013-09-23 16:00:00,17.52
2013-09-24 16:00:00,17.47
2013-09-25 16:00:00,17.2
2013-09-26 16:00:00,17.36
2013-09-27 16:00:00,17.24
2013-09-30 16:00:00,17.03
2013-10-01 16:00:00,17.43
2013-10-02 16:00:00,17.48
2013-10-03 16:00:00,17.26
2013-10-04 16:00:00,17.25
2013-10-07 16:00:00,17.42
2013-10-08 16:00:00,17.18
2013-10-09 16:00:00,17.38
2013-10-10 16:00:00,17.49
2013-10-11 16:00:00,17.6
2013-10-14 16:00:00,17.72
2013-10-15 16:00:00,17.81
2013-10-16 16:00:00,17.9
2013-10-17 16:00:00,18.02
2013-10-18 16:00:00,18.17
2013-10-21 16:00:00,18.62
2013-10-22 16:00:00,18.57
2013-10-23 16:00:00,18.75
2013-10-24 16:00:00,19.0
2013-10-25 16:00:00,18.78
2013-10-28 16:00:00,18.92
2013-10-29 16:00:00,18.45
2013-10-30 16:00:00,18.75
2013-10-31 16:00:00,18.67
2013-11-01 16:00:00,18.57
2013-11-04 16:00:00,18.81
2013-11-05 16:00:00,18.77
2013-11-06 16:00:00,18.6
2013-11-07 16:00:00,18.3
2013-11-08 16:00:00,18.59
2013-11-11 16:00:00,18.54
2013-11-12 16:00:00,18.57
2013-11-13 16:00:00,18.59
2013-11-14 16:00:00,18.86
2013-11-15 16:00:00,18.75
2013-11-18 16:00:00,18.52
2013-11-19 16:00:00,18.56
2013-11-20 16:00:00,18.39
2013-11-21 16:00:00,18.61
2013-11-22 16:00:00,18.56
2013-11-25 16:00:00,18.7
2013-11-26 16:00:00,19.05
2013-11-27 16:00:00,19.5
2013-11-29 16:00:00,19.86
2013-12-02 16:00:00,19.69
2013-12-03 16:00:00,20.23
2013-12-04 16:00:00,20.18
2013-12-05 16:00:00,20.28
2013-12-06 16:00:00,20.0
2013-12-09 16:00:00,20.23
2013-12-10 16:00:00,20.2
2013-12-11 16:00:00,20.05
2013-12-12 16:00:00,20.02
2013-12-13 16:00:00,19.8
2013-12-16 16:00:00,19.91
2013-12-17 16:00:00,19.82
2013-12-18 16:00:00,19.67
2013-12-19 16:00:00,19.45
2013-12-20 16:00:00,19.61
2013-12-23 16:00:00,20.36
2013-12-24 16:00:00,20.27
2013-12-26 16:00:00,20.14
2013-12-27 16:00:00,20.0
2013-12-30 16:00:00,19.8
2013-12-31 16:00:00,20.04
2014-01-02 16:00:00,19.75
2014-01-03 16:00:00,19.32
2014-01-06 16:00:00,19.43
2014-01-07 16:00:00,19.29
2014-01-08 16:00:00,19.41
2014-01-09 16:00:00,19.16
2014-01-10 16:00:00,19.03
2014-01-13 16:00:00,19.13
2014-01-14 16:00:00,19.51
2014-01-15 16:00:00,19.91
2014-01-16 16:00:00,19.79
2014-01-17 16:00:00,19.31
2014-01-21 16:00:00,19.61
2014-01-22 16:00:00,19.7
2014-01-23 16:00:00,19.86
2014-01-24 16:00:00,19.5
2014-01-27 16:00:00,19.66
2014-01-28 16:00:00,18.09
2014-01-29 16:00:00,17.88
2014-01-30 16:00:00,17.85
2014-01-31 16:00:00,17.88
2014-02-03 16:00:00,17.91
2014-02-04 16:00:00,18.17
2014-02-05 16:00:00,18.31
2014-02-06 16:00:00,18.3
2014-02-07 16:00:00,18.56
2014-02-10 16:00:00,18.89
2014-02-11 16:00:00,19.14
2014-02-12 16:00:00,19.14
2014-02-13 16:00:00,19.44
2014-02-14 16:00:00,19.43
2014-02-18 16:00:00,19.5
2014-02-19 16:00:00,19.19
2014-02-20 16:00:00,18.97
2014-02-21 16:00:00,18.76
2014-02-24 16:00:00,18.84
2014-02-25 16:00:00,18.65
2014-02-26 16:00:00,18.48
2014-02-27 16:00:00,18.85
2014-02-28 16:00:00,18.79
2014-03-03 16:00:00,18.85
2014-03-04 16:00:00,18.97
2014-03-05 16:00:00,19.01
2014-03-06 16:00:00,18.96
2014-03-07 16:00:00,18.94
2014-03-10 16:00:00,18.96
2014-03-11 16:00:00,19.15
2014-03-12 16:00:00,19.16
2014-03-13 16:00:00,18.95
2014-03-14 16:00:00,18.74
2014-03-17 16:00:00,18.81
2014-03-18 16:00:00,18.98
2014-03-19 16:00:00,18.97
2014-03-20 16:00:00,18.88
2014-03-21 16:00:00,19.03
2014-03-24 16:00:00,19.26
2014-03-25 16:00:00,19.46
2014-03-26 16:00:00,19.28
2014-03-27 16:00:00,19.2
2014-03-28 16:00:00,19.17
2014-03-31 16:00:00,19.17
2014-04-01 16:00:00,19.34
2014-04-02 16:00:00,19.38
2014-04-03 16:00:00,19.24
2014-04-04 16:00:00,18.99
2014-04-07 16:00:00,18.7
2014-04-08 16:00:00,18.69
2014-04-09 16:00:00,18.94
2014-04-10 16:00:00,18.7
2014-04-11 16:00:00,18.56
2014-04-14 16:00:00,18.63
2014-04-15 16:00:00,18.5
2014-04-16 16:00:00,18.54
2014-04-17 16:00:00,18.75
2014-04-21 16:00:00,18.97
2014-04-22 16:00:00,18.99
2014-04-23 16:00:00,18.74
2014-04-24 16:00:00,20.28
2014-04-25 16:00:00,20.43
2014-04-28 16:00:00,21.22
2014-04-29 16:00:00,21.15
2014-04-30 16:00:00,21.07
2014-05-01 16:00:00,21.12
2014-05-02 16:00:00,21.16
2014-05-05 16:00:00,21.46
2014-05-06 16:00:00,21.23
2014-05-07 16:00:00,21.15
2014-05-08 16:00:00,21.0
2014-05-09 16:00:00,20.91
2014-05-12 16:00:00,21.17
2014-05-13 16:00:00,21.21
2014-05-14 16:00:00,21.21
2014-05-15 16:00:00,21.03
2014-05-16 16:00:00,21.34
2014-05-19 16:00:00,21.59
2014-05-20 16:00:00,21.6
2014-05-21 16:00:00,21.65
2014-05-22 16:00:00,21.69
2014-05-23 16:00:00,21.93
2014-05-27 16:00:00,22.34
2014-05-28 16:00:00,22.29
2014-05-29 16:00:00,22.69
2014-05-30 16:00:00,22.61
2014-06-02 16:00:00,22.45
2014-06-03 16:00:00,22.77
2014-06-04 16:00:00,23.03
2014-06-05 16:00:00,23.12
2014-06-06 16:00:00,23.06
2014-06-09 16:00:00,23.43
2014-06-10 16:00:00,23.56
2014-06-11 16:00:00,23.47
2014-06-12 16:00:00,23.07
2014-06-13 16:00:00,22.82
2014-06-16 16:00:00,23.05
2014-06-17 16:00:00,23.02
2014-06-18 16:00:00,23.05
2014-06-19 16:00:00,22.97
2014-06-20 16:00:00,22.73
2014-06-23 16:00:00,22.71
2014-06-24 16:00:00,22.57
2014-06-25 16:00:00,22.59
2014-06-26 16:00:00,22.73
2014-06-27 16:00:00,23.0
2014-06-30 16:00:00,23.23
2014-07-01 16:00:00,23.38
2014-07-02 16:00:00,23.37
2014-07-03 16:00:00,23.51
2014-07-07 16:00:00,23.99
2014-07-08 16:00:00,23.84
2014-07-09 16:00:00,23.85
2014-07-10 16:00:00,23.76
2014-07-11 16:00:00,23.81
2014-07-14 16:00:00,24.11
2014-07-15 16:00:00,23.83
2014-07-16 16:00:00,23.7
2014-07-17 16:00:00,23.27
2014-07-18 16:00:00,23.61
2014-07-21 16:00:00,23.48
2014-07-22 16:00:00,23.68
2014-07-23 16:00:00,24.3
2014-07-24 16:00:00,24.26
2014-07-25 16:00:00,24.42
2014-07-28 16:00:00,24.76
2014-07-29 16:00:00,24.6
2014-07-30 16:00:00,24.54
2014-07-31 16:00:00,23.9
2014-08-01 16:00:00,24.03
2014-08-04 16:00:00,23.9
2014-08-05 16:00:00,23.78
2014-08-06 16:00:00,23.74
2014-08-07 16:00:00,23.62
2014-08-08 16:00:00,23.69
2014-08-11 16:00:00,24.0
2014-08-12 16:00:00,23.99
2014-08-13 16:00:00,24.31
2014-08-14 16:00:00,24.38
2014-08-15 16:00:00,24.5
2014-08-18 16:00:00,24.79
2014-08-19 16:00:00,25.13
2014-08-20 16:00:00,25.14
2014-08-21 16:00:00,25.15
2014-08-22 16:00:00,25.33
2014-08-25 16:00:00,25.39
2014-08-26 16:00:00,25.22
2014-08-27 16:00:00,25.53
2014-08-28 16:00:00,25.56
2014-08-29 16:00:00,25.63
2014-09-02 16:00:00,25.83
2014-09-03 16:00:00,24.74
2014-09-04 16:00:00,24.53
2014-09-05 16:00:00,24.74
2014-09-08 16:00:00,24.59
2014-09-09 16:00:00,24.5
2014-09-10 16:00:00,25.25
2014-09-11 16:00:00,25.36
2014-09-12 16:00:00,25.42
2014-09-15 16:00:00,25.41
2014-09-16 16:00:00,25.22
2014-09-17 16:00:00,25.4
2014-09-18 16:00:00,25.45
2014-09-19 16:00:00,25.24
2014-09-22 16:00:00,25.27
2014-09-23 16:00:00,25.66
2014-09-24 16:00:00,25.44
2014-09-25 16:00:00,24.47
2014-09-26 16:00:00,25.19
2014-09-29 16:00:00,25.03
2014-09-30 16:00:00,25.19
2014-10-01 16:00:00,24.8
2014-10-02 16:00:00,24.98
2014-10-03 16:00:00,24.91
2014-10-06 16:00:00,24.91
2014-10-07 16:00:00,24.69
2014-10-08 16:00:00,25.2
2014-10-09 16:00:00,25.26
2014-10-10 16:00:00,25.18
2014-10-13 16:00:00,24.95
2014-10-14 16:00:00,24.69
2014-10-15 16:00:00,24.39
2014-10-16 16:00:00,24.07
2014-10-17 16:00:00,24.42
2014-10-20 16:00:00,24.94
2014-10-21 16:00:00,25.62
2014-10-22 16:00:00,25.75
2014-10-23 16:00:00,26.21
2014-10-24 16:00:00,26.31
2014-10-27 16:00:00,26.28
2014-10-28 16:00:00,26.69
2014-10-29 16:00:00,26.84
2014-10-30 16:00:00,26.75
2014-10-31 16:00:00,27.0
2014-11-03 16:00:00,27.35
2014-11-04 16:00:00,27.15
2014-11-05 16:00:00,27.22
2014-11-06 16:00:00,27.18
2014-11-07 16:00:00,27.25
2014-11-10 16:00:00,27.21
2014-11-11 16:00:00,27.43
2014-11-12 16:00:00,27.81
2014-11-13 16:00:00,28.21
2014-11-14 16:00:00,28.55
2014-11-17 16:00:00,28.5
2014-11-18 16:00:00,28.87
2014-11-19 16:00:00,28.67
2014-11-20 16:00:00,29.08
2014-11-21 16:00:00,29.12
2014-11-24 16:00:00,29.66
2014-11-25 16:00:00,29.4
2014-11-26 16:00:00,29.75
2014-11-28 16:00:00,29.73
2014-12-01 16:00:00,28.77
2014-12-02 16:00:00,28.66
2014-12-03 16:00:00,28.98
2014-12-04 16:00:00,28.87
2014-12-05 16:00:00,28.75
2014-12-08 16:00:00,28.1
2014-12-09 16:00:00,28.53
2014-12-10 16:00:00,27.99
2014-12-11 16:00:00,27.91
2014-12-12 16:00:00,27.43
2014-12-15 16:00:00,27.06
2014-12-16 16:00:00,26.69
2014-12-17 16:00:00,27.35
2014-12-18 16:00:00,28.16
2014-12-19 16:00:00,27.95
2014-12-22 16:00:00,28.24
2014-12-23 16:00:00,28.14
2014-12-24 16:00:00,28.0
2014-12-26 16:00:00,28.5
2014-12-29 16:00:00,28.48
2014-12-30 16:00:00,28.13
2014-12-31 16:00:00,27.6
2015-01-02 16:00:00,27.33
2015-01-05 16:00:00,26.56
2015-01-06 16:00:00,26.57
2015-01-07 16:00:00,26.94
2015-01-08 16:00:00,27.97
2015-01-09 16:00:00,28.0
2015-01-12 16:00:00,27.31
2015-01-13 16:00:00,27.56
2015-01-14 16:00:00,27.45
2015-01-15 16:00:00,26.71
2015-01-16 16:00:00,26.5
2015-01-20 16:00:00,27.18
2015-01-21 16:00:00,27.39
2015-01-22 16:00:00,28.1
2015-01-23 16:00:00,28.25
2015-01-26 16:00:00,28.28
2015-01-27 16:00:00,27.29
2015-01-28 16:00:00,28.83
2015-01-29 16:00:00,29.73
2015-01-30 16:00:00,29.29
2015-02-02 16:00:00,29.66
2015-02-03 16:00:00,29.66
2015-02-04 16:00:00,29.89
2015-02-05 16:00:00,29.99
2015-02-06 16:00:00,29.73
2015-02-09 16:00:00,29.93
2015-02-10 16:00:00,30.51
2015-02-11 16:00:00,31.22
2015-02-12 16:00:00,31.62
2015-02-13 16:00:00,31.77
2015-02-17 16:00:00,31.96
2015-02-18 16:00:00,32.18
2015-02-19 16:00:00,32.11
2015-02-20 16:00:00,32.37
2015-02-23 16:00:00,33.25
2015-02-24 16:00:00,33.04
2015-02-25 16:00:00,32.2
2015-02-26 16:00:00,32.6
2015-02-27 16:00:00,32.12
2015-03-02 16:00:00,32.27
2015-03-03 16:00:00,32.34
2015-03-04 16:00:00,32.14
2015-03-05 16:00:00,31.6
2015-03-06 16:00:00,31.65
2015-03-09 16:00:00,31.79
2015-03-10 16:00:00,31.13
2015-03-11 16:00:00,30.56
2015-03-12 16:00:00,31.11
2015-03-13 16:00:00,30.9
2015-03-16 16:00:00,31.24
2015-03-17 16:00:00,31.76
2015-03-18 16:00:00,32.12
2015-03-19 16:00:00,31.87
2015-03-20 16:00:00,31.48
2015-03-23 16:00:00,31.8
2015-03-24 16:00:00,31.67
2015-03-25 16:00:00,30.85
2015-03-26 16:00:00,31.06
2015-03-27 16:00:00,30.81
2015-03-30 16:00:00,31.59
2015-03-31 16:00:00,31.11
2015-04-01 16:00:00,31.06
2015-04-02 16:00:00,31.33
2015-04-06 16:00:00,31.84
2015-04-07 16:00:00,31.5
2015-04-08 16:00:00,31.4
2015-04-09 16:00:00,31.64
2015-04-10 16:00:00,31.78
2015-04-13 16:00:00,31.71
2015-04-14 16:00:00,31.58
2015-04-15 16:00:00,31.7
2015-04-16 16:00:00,31.54
2015-04-17 16:00:00,31.19
2015-04-20 16:00:00,31.9
2015-04-21 16:00:00,31.73
2015-04-22 16:00:00,32.16
2015-04-23 16:00:00,32.42
2015-04-24 16:00:00,32.57
2015-04-27 16:00:00,33.16
2015-04-28 16:00:00,32.64
2015-04-29 16:00:00,32.16
2015-04-30 16:00:00,31.29
2015-05-01 16:00:00,32.24
2015-05-04 16:00:00,32.17
2015-05-05 16:00:00,31.45
2015-05-06 16:00:00,31.25
2015-05-07 16:00:00,31.32
2015-05-08 16:00:00,31.91
2015-05-11 16:00:00,31.58
2015-05-12 16:00:00,31.47
2015-05-13 16:00:00,31.5
2015-05-14 16:00:00,32.24
2015-05-15 16:00:00,32.19
2015-05-18 16:00:00,32.55
2015-05-19 16:00:00,32.52
2015-05-20 16:00:00,32.52
2015-05-21 16:00:00,32.85
2015-05-22 16:00:00,33.14
2015-05-26 16:00:00,32.41
2015-05-27 16:00:00,33.01
2015-05-28 16:00:00,32.95
2015-05-29 16:00:00,32.57
2015-06-01 16:00:00,32.63
2015-06-02 16:00:00,32.49
2015-06-03 16:00:00,32.53
2015-06-04 16:00:00,32.34
2015-06-05 16:00:00,32.16
2015-06-08 16:00:00,31.95
2015-06-09 16:00:00,31.86
2015-06-10 16:00:00,32.22
2015-06-11 16:00:00,32.15
2015-06-12 16:00:00,31.79
2015-06-15 16:00:00,31.73
2015-06-16 16:00:00,31.9
2015-06-17 16:00:00,31.83
2015-06-18 16:00:00,31.97
2015-06-19 16:00:00,31.65
2015-06-22 16:00:00,31.9
2015-06-23 16:00:00,31.76
2015-06-24 16:00:00,32.03
2015-06-25 16:00:00,31.88
2015-06-26 16:00:00,31.69
2015-06-29 16:00:00,31.13
2015-06-30 16:00:00,31.36
2015-07-01 16:00:00,31.65
2015-07-02 16:00:00,31.61
2015-07-06 16:00:00,31.5
2015-07-07 16:00:00,31.42
2015-07-08 16:00:00,30.64
2015-07-09 16:00:00,30.02
2015-07-10 16:00:00,30.82
2015-07-13 16:00:00,31.42
2015-07-14 16:00:00,31.4
2015-07-15 16:00:00,31.71
2015-07-16 16:00:00,32.13
2015-07-17 16:00:00,32.41
2015-07-20 16:00:00,33.02
2015-07-21 16:00:00,32.69
2015-07-22 16:00:00,31.31
2015-07-23 16:00:00,31.29
2015-07-24 16:00:00,31.13
2015-07-27 16:00:00,30.69
2015-07-28 16:00:00,30.85
2015-07-29 16:00:00,30.75
2015-07-30 16:00:00,30.59
2015-07-31 16:00:00,30.33
2015-08-03 16:00:00,29.61
2015-08-04 16:00:00,28.66
2015-08-05 16:00:00,28.85
2015-08-06 16:00:00,28.78
2015-08-07 16:00:00,28.88
2015-08-10 16:00:00,29.93
2015-08-11 16:00:00,28.37
2015-08-12 16:00:00,28.81
2015-08-13 16:00:00,28.79
2015-08-14 16:00:00,28.99
2015-08-17 16:00:00,29.29
2015-08-18 16:00:00,29.13
2015-08-19 16:00:00,28.75
2015-08-20 16:00:00,28.16
2015-08-21 16:00:00,26.44
2015-08-24 16:00:00,25.78
2015-08-25 16:00:00,25.94
2015-08-26 16:00:00,27.42
2015-08-27 16:00:00,28.23
2015-08-28 16:00:00,28.32
2015-08-31 16:00:00,28.19
2015-09-01 16:00:00,26.93
2015-09-02 16:00:00,28.09
2015-09-03 16:00:00,27.59
2015-09-04 16:00:00,27.32
2015-09-08 16:00:00,28.08
2015-09-09 16:00:00,27.54
2015-09-10 16:00:00,28.14
2015-09-11 16:00:00,28.55
2015-09-14 16:00:00,28.83
2015-09-15 16:00:00,29.07
2015-09-16 16:00:00,29.1
2015-09-17 16:00:00,28.48
2015-09-18 16:00:00,28.36
2015-09-21 16:00:00,28.8
2015-09-22 16:00:00,28.35
2015-09-23 16:00:00,28.58
2015-09-24 16:00:00,28.75
2015-09-25 16:00:00,28.68
2015-09-28 16:00:00,28.11
2015-09-29 16:00:00,27.27
2015-09-30 16:00:00,27.58
2015-10-01 16:00:00,27.4
2015-10-02 16:00:00,27.6
2015-10-05 16:00:00,27.7
2015-10-06 16:00:00,27.83
2015-10-07 16:00:00,27.7
2015-10-08 16:00:00,27.38
2015-10-09 16:00:00,28.03
2015-10-12 16:00:00,27.9
2015-10-13 16:00:00,27.95
2015-10-14 16:00:00,27.55
2015-10-15 16:00:00,27.97
2015-10-16 16:00:00,27.76
2015-10-19 16:00:00,27.93
2015-10-20 16:00:00,28.44
2015-10-21 16:00:00,28.44
2015-10-22 16:00:00,28.88
2015-10-23 16:00:00,29.77
2015-10-26 16:00:00,28.82
2015-10-27 16:00:00,28.64
2015-10-28 16:00:00,29.82
2015-10-29 16:00:00,30.13
2015-10-30 16:00:00,29.88
2015-11-02 16:00:00,30.3
2015-11-03 16:00:00,30.64
2015-11-04 16:00:00,30.5
2015-11-05 16:00:00,30.23
2015-11-06 16:00:00,30.27
2015-11-09 16:00:00,30.14
2015-11-10 16:00:00,29.19
2015-11-11 16:00:00,29.03
2015-11-12 16:00:00,28.93
2015-11-13 16:00:00,28.09
2015-11-16 16:00:00,28.54
2015-11-17 16:00:00,28.42
2015-11-18 16:00:00,29.32
2015-11-19 16:00:00,29.7
2015-11-20 16:00:00,29.83
2015-11-23 16:00:00,29.44
2015-11-24 16:00:00,29.72
2015-11-25 16:00:00,29.51
2015-11-27 16:00:00,29.45
2015-11-30 16:00:00,29.58
2015-12-01 16:00:00,29.34
2015-12-02 16:00:00,29.07
2015-12-03 16:00:00,28.8
2015-12-04 16:00:00,29.76
2015-12-07 16:00:00,29.57
2015-12-08 16:00:00,29.56
2015-12-09 16:00:00,28.91
2015-12-10 16:00:00,29.04
2015-12-11 16:00:00,28.3
2015-12-14 16:00:00,28.12
2015-12-15 16:00:00,27.62
2015-12-16 16:00:00,27.84
2015-12-17 16:00:00,27.25
2015-12-18 16:00:00,26.51
2015-12-21 16:00:00,26.83
2015-12-22 16:00:00,26.81
2015-12-23 16:00:00,27.15
2015-12-24 16:00:00,27.01
2015-12-28 16:00:00,26.71
2015-12-29 16:00:00,27.19
2015-12-30 16:00:00,26.83
2015-12-31 16:00:00,26.32
2016-01-04 16:00:00,26.34
2016-01-05 16:00:00,25.68
2016-01-06 16:00:00,25.18
2016-01-07 16:00:00,24.11
2016-01-08 16:00:00,24.24
2016-01-11 16:00:00,24.63
2016-01-12 16:00:00,24.99
2016-01-13 16:00:00,24.35
2016-01-14 16:00:00,24.88
2016-01-15 16:00:00,24.28
2016-01-19 16:00:00,24.17
2016-01-20 16:00:00,24.2
2016-01-21 16:00:00,24.08
2016-01-22 16:00:00,25.36
2016-01-25 16:00:00,24.86
2016-01-26 16:00:00,25.0
2016-01-27 16:00:00,23.36
2016-01-28 16:00:00,23.52
2016-01-29 16:00:00,24.34
2016-02-01 16:00:00,24.11
2016-02-02 16:00:00,23.62
2016-02-03 16:00:00,24.09
2016-02-04 16:00:00,24.15
2016-02-05 16:00:00,23.51
2016-02-08 16:00:00,23.75
2016-02-09 16:00:00,23.75
2016-02-10 16:00:00,23.57
2016-02-11 16:00:00,23.43
2016-02-12 16:00:00,23.5
2016-02-16 16:00:00,24.16
2016-02-17 16:00:00,24.53
2016-02-18 16:00:00,24.07
2016-02-19 16:00:00,24.01
2016-02-22 16:00:00,24.22
2016-02-23 16:00:00,23.67
2016-02-24 16:00:00,24.03
2016-02-25 16:00:00,24.19
2016-02-26 16:00:00,24.23
2016-02-29 16:00:00,24.17
2016-03-01 16:00:00,25.13
2016-03-02 16:00:00,25.19
2016-03-03 16:00:00,25.38
2016-03-04 16:00:00,25.75
2016-03-07 16:00:00,25.47
2016-03-08 16:00:00,25.26
2016-03-09 16:00:00,25.28
2016-03-10 16:00:00,25.29
2016-03-11 16:00:00,25.57
2016-03-14 16:00:00,25.63
2016-03-15 16:00:00,26.15
2016-03-16 16:00:00,26.49
2016-03-17 16:00:00,26.45
2016-03-18 16:00:00,26.48
2016-03-21 16:00:00,26.48
2016-03-22 16:00:00,26.68
2016-03-23 16:00:00,26.53
2016-03-24 16:00:00,26.42
2016-03-28 16:00:00,26.3
2016-03-29 16:00:00,26.92
2016-03-30 16:00:00,27.39
2016-03-31 16:00:00,27.25
2016-04-01 16:00:00,27.5
2016-04-04 16:00:00,27.78
2016-04-05 16:00:00,27.45
2016-04-06 16:00:00,27.74
2016-04-07 16:00:00,27.14
2016-04-08 16:00:00,27.17
2016-04-11 16:00:00,27.26
2016-04-12 16:00:00,27.61
2016-04-13 16:00:00,28.01
2016-04-14 16:00:00,28.03
2016-04-15 16:00:00,27.46
2016-04-18 16:00:00,26.87
2016-04-19 16:00:00,26.73
2016-04-20 16:00:00,26.78
2016-04-21 16:00:00,26.49
2016-04-22 16:00:00,26.42
2016-04-25 16:00:00,26.27
2016-04-26 16:00:00,26.09
2016-04-27 16:00:00,24.46
2016-04-28 16:00:00,23.71
2016-04-29 16:00:00,23.44
2016-05-02 16:00:00,23.41
2016-05-03 16:00:00,23.8
2016-05-04 16:00:00,23.55
2016-05-05 16:00:00,23.31
2016-05-06 16:00:00,23.18
2016-05-09 16:00:00,23.2
2016-05-10 16:00:00,23.36
2016-05-11 16:00:00,23.13
2016-05-12 16:00:00,22.59
2016-05-13 16:00:00,22.63
2016-05-16 16:00:00,23.47
2016-05-17 16:00:00,23.37
2016-05-18 16:00:00,23.64
2016-05-19 16:00:00,23.55
2016-05-20 16:00:00,23.81
2016-05-23 16:00:00,24.11
2016-05-24 16:00:00,24.48
2016-05-25 16:00:00,24.91
2016-05-26 16:00:00,25.1
2016-05-27 16:00:00,25.09
2016-05-31 16:00:00,24.97
2016-06-01 16:00:00,24.62
2016-06-02 16:00:00,24.43
2016-06-03 16:00:00,24.48
2016-06-06 16:00:00,24.66
2016-06-07 16:00:00,24.76
2016-06-08 16:00:00,24.74
2016-06-09 16:00:00,24.91
2016-06-10 16:00:00,24.71
2016-06-13 16:00:00,24.34
2016-06-14 16:00:00,24.37
2016-06-15 16:00:00,24.29
2016-06-16 16:00:00,24.39
2016-06-17 16:00:00,23.83
2016-06-20 16:00:00,23.78
2016-06-21 16:00:00,23.98
2016-06-22 16:00:00,23.89
2016-06-23 16:00:00,24.03
2016-06-24 16:00:00,23.35
2016-06-27 16:00:00,23.01
2016-06-28 16:00:00,23.4
2016-06-29 16:00:00,23.6
2016-06-30 16:00:00,23.9
2016-07-01 16:00:00,23.97
2016-07-05 16:00:00,23.75
2016-07-06 16:00:00,23.88
2016-07-07 16:00:00,23.99
2016-07-08 16:00:00,24.17
2016-07-11 16:00:00,24.25
2016-07-12 16:00:00,24.36
2016-07-13 16:00:00,24.22
2016-07-14 16:00:00,24.7
2016-07-15 16:00:00,24.7
2016-07-18 16:00:00,24.96
2016-07-19 16:00:00,24.97
2016-07-20 16:00:00,24.99
2016-07-21 16:00:00,24.86
2016-07-22 16:00:00,24.67
2016-07-25 16:00:00,24.34
2016-07-26 16:00:00,24.17
2016-07-27 16:00:00,25.74
2016-07-28 16:00:00,26.09
2016-07-29 16:00:00,26.05
2016-08-01 16:00:00,26.51
2016-08-02 16:00:00,26.12
2016-08-03 16:00:00,26.45
2016-08-04 16:00:00,26.47
2016-08-05 16:00:00,26.87
2016-08-08 16:00:00,27.09
2016-08-09 16:00:00,27.2
2016-08-10 16:00:00,27.0
2016-08-11 16:00:00,26.98
2016-08-12 16:00:00,27.05
2016-08-15 16:00:00,27.37
2016-08-16 16:00:00,27.35
2016-08-17 16:00:00,27.31
2016-08-18 16:00:00,27.27
2016-08-19 16:00:00,27.34
2016-08-22 16:00:00,27.13
2016-08-23 16:00:00,27.21
2016-08-24 16:00:00,27.01
2016-08-25 16:00:00,26.89
2016-08-26 16:00:00,26.74
2016-08-29 16:00:00,26.71
2016-08-30 16:00:00,26.5
2016-08-31 16:00:00,26.53
2016-09-01 16:00:00,26.68
2016-09-02 16:00:00,26.93
2016-09-06 16:00:00,26.93
2016-09-07 16:00:00,27.09
2016-09-08 16:00:00,26.38
2016-09-09 16:00:00,25.78
2016-09-12 16:00:00,26.36
2016-09-13 16:00:00,26.99
2016-09-14 16:00:00,27.94
2016-09-15 16:00:00,28.89
2016-09-16 16:00:00,28.73
2016-09-19 16:00:00,28.4
2016-09-20 16:00:00,28.39
2016-09-21 16:00:00,28.39
2016-09-22 16:00:00,28.66
2016-09-23 16:00:00,28.18
2016-09-26 16:00:00,28.22
2016-09-27 16:00:00,28.27
2016-09-28 16:00:00,28.49
2016-09-29 16:00:00,28.05
2016-09-30 16:00:00,28.26
2016-10-03 16:00:00,28.13
2016-10-04 16:00:00,28.25
2016-10-05 16:00:00,28.26
2016-10-06 16:00:00,28.47
2016-10-07 16:00:00,28.52
2016-10-10 16:00:00,29.01
2016-10-11 16:00:00,29.08
2016-10-12 16:00:00,29.34
2016-10-13 16:00:00,29.25
2016-10-14 16:00:00,29.41
2016-10-17 16:00:00,29.39
2016-10-18 16:00:00,29.37
2016-10-19 16:00:00,29.28
2016-10-20 16:00:00,29.27
2016-10-21 16:00:00,29.15
2016-10-24 16:00:00,29.41
2016-10-25 16:00:00,29.56
2016-10-26 16:00:00,28.9
2016-10-27 16:00:00,28.62
2016-10-28 16:00:00,28.43
2016-10-31 16:00:00,28.39
2016-11-01 16:00:00,27.87
2016-11-02 16:00:00,27.9
2016-11-03 16:00:00,27.46
2016-11-04 16:00:00,27.21
2016-11-07 16:00:00,27.6
2016-11-08 16:00:00,27.77
2016-11-09 16:00:00,27.72
2016-11-10 16:00:00,26.95
2016-11-11 16:00:00,27.11
2016-11-14 16:00:00,26.43
2016-11-15 16:00:00,26.78
2016-11-16 16:00:00,27.5
2016-11-17 16:00:00,27.49
2016-11-18 16:00:00,27.52
2016-11-21 16:00:00,27.93
2016-11-22 16:00:00,27.95
2016-11-23 16:00:00,27.81
2016-11-25 16:00:00,27.95
2016-11-28 16:00:00,27.89
2016-11-29 16:00:00,27.87
2016-11-30 16:00:00,27.63
2016-12-01 16:00:00,27.37
2016-12-02 16:00:00,27.48
2016-12-05 16:00:00,27.28
2016-12-06 16:00:00,27.49
2016-12-07 16:00:00,27.76
2016-12-08 16:00:00,28.03
2016-12-09 16:00:00,28.49
2016-12-12 16:00:00,28.33
2016-12-13 16:00:00,28.8
2016-12-14 16:00:00,28.8
2016-12-15 16:00:00,28.96
2016-12-16 16:00:00,28.99
2016-12-19 16:00:00,29.16
2016-12-20 16:00:00,29.24
2016-12-21 16:00:00,29.27
2016-12-22 16:00:00,29.07
2016-12-23 16:00:00,29.13
2016-12-27 16:00:00,29.32
2016-12-28 16:00:00,29.19
2016-12-29 16:00:00,29.18
2016-12-30 16:00:00,28.96
2017-01-03 16:00:00,29.04
2017-01-04 16:00:00,29.01
2017-01-05 16:00:00,29.15
2017-01-06 16:00:00,29.48
2017-01-09 16:00:00,29.75
2017-01-10 16:00:00,29.78
2017-01-11 16:00:00,29.94
2017-01-12 16:00:00,29.81
2017-01-13 16:00:00,29.76
2017-01-17 16:00:00,30.0
2017-01-18 16:00:00,30.0
2017-01-19 16:00:00,29.95
2017-01-20 16:00:00,30.0
2017-01-23 16:00:00,30.02
2017-01-24 16:00:00,29.99
2017-01-25 16:00:00,30.47
2017-01-26 16:00:00,30.49
2017-01-27 16:00:00,30.49
2017-01-30 16:00:00,30.41
2017-01-31 16:00:00,30.34
2017-02-01 16:00:00,32.19
2017-02-02 16:00:00,32.13
2017-02-03 16:00:00,32.27
2017-02-06 16:00:00,32.57
2017-02-07 16:00:00,32.88
2017-02-08 16:00:00,33.01
2017-02-09 16:00:00,33.1
2017-02-10 16:00:00,33.03
2017-02-13 16:00:00,33.32
2017-02-14 16:00:00,33.76
2017-02-15 16:00:00,33.88
2017-02-16 16:00:00,33.84
2017-02-17 16:00:00,33.93
2017-02-21 16:00:00,34.17
2017-02-22 16:00:00,34.28
2017-02-23 16:00:00,34.13
2017-02-24 16:00:00,34.17
2017-02-27 16:00:00,34.23
2017-02-28 16:00:00,34.25
2017-03-01 16:00:00,34.95
2017-03-02 16:00:00,34.74
2017-03-03 16:00:00,34.95
2017-03-06 16:00:00,34.84
2017-03-07 16:00:00,34.88
2017-03-08 16:00:00,34.75
2017-03-09 16:00:00,34.67
2017-03-10 16:00:00,34.78
2017-03-13 16:00:00,34.8
2017-03-14 16:00:00,34.75
2017-03-15 16:00:00,35.12
2017-03-16 16:00:00,35.17
2017-03-17 16:00:00,35.0
2017-03-20 16:00:00,35.37
2017-03-21 16:00:00,34.96
2017-03-22 16:00:00,35.35
2017-03-23 16:00:00,35.23
2017-03-24 16:00:00,35.16
2017-03-27 16:00:00,35.22
2017-03-28 16:00:00,35.95
2017-03-29 16:00:00,36.03
2017-03-30 16:00:00,35.98
2017-03-31 16:00:00,35.92
2017-04-03 16:00:00,35.92
2017-04-04 16:00:00,36.19
2017-04-05 16:00:00,36.01
2017-04-06 16:00:00,35.92
2017-04-07 16:00:00,35.84
2017-04-10 16:00:00,35.79
2017-04-11 16:00:00,35.41
2017-04-12 16:00:00,35.45
2017-04-13 16:00:00,35.26
2017-04-17 16:00:00,35.46
2017-04-18 16:00:00,35.3
2017-04-19 16:00:00,35.17
2017-04-20 16:00:00,35.61
2017-04-21 16:00:00,35.57
2017-04-24 16:00:00,35.91
2017-04-25 16:00:00,36.13
2017-04-26 16:00:00,35.92
2017-04-27 16:00:00,35.95
2017-04-28 16:00:00,35.91
2017-05-01 16:00:00,36.65
2017-05-02 16:00:00,36.88
2017-05-03 16:00:00,36.77
2017-05-04 16:00:00,36.63
2017-05-05 16:00:00,37.24
2017-05-08 16:00:00,38.25
2017-05-09 16:00:00,38.5
2017-05-10 16:00:00,38.32
2017-05-11 16:00:00,38.49
2017-05-12 16:00:00,39.03
2017-05-15 16:00:00,38.92
2017-05-16 16:00:00,38.87
2017-05-17 16:00:00,37.56
2017-05-18 16:00:00,38.14
2017-05-19 16:00:00,38.27
2017-05-22 16:00:00,38.5
2017-05-23 16:00:00,38.45
2017-05-24 16:00:00,38.34
2017-05-25 16:00:00,38.47
2017-05-26 16:00:00,38.4
2017-05-30 16:00:00,38.42
2017-05-31 16:00:00,38.19
2017-06-01 16:00:00,38.3
2017-06-02 16:00:00,38.86
2017-06-05 16:00:00,38.48
2017-06-06 16:00:00,38.61
2017-06-07 16:00:00,38.84
2017-06-08 16:00:00,38.75
2017-06-09 16:00:00,37.24
2017-06-12 16:00:00,36.35
2017-06-13 16:00:00,36.65
2017-06-14 16:00:00,36.29
2017-06-15 16:00:00,36.07
2017-06-16 16:00:00,35.57
2017-06-19 16:00:00,36.59
2017-06-20 16:00:00,36.25
2017-06-21 16:00:00,36.47
2017-06-22 16:00:00,36.41
2017-06-23 16:00:00,36.57
2017-06-26 16:00:00,36.46
2017-06-27 16:00:00,35.93
2017-06-28 16:00:00,36.46
2017-06-29 16:00:00,35.92
2017-06-30 16:00:00,36.01
2017-07-03 16:00:00,35.88
2017-07-05 16:00:00,36.02
2017-07-06 16:00:00,35.68
2017-07-07 16:00:00,36.05
2017-07-10 16:00:00,36.27
2017-07-11 16:00:00,36.38
2017-07-12 16:00:00,36.44
2017-07-13 16:00:00,36.94
2017-07-14 16:00:00,37.26
2017-07-17 16:00:00,37.39
2017-07-18 16:00:00,37.52
2017-07-19 16:00:00,37.76
2017-07-20 16:00:00,37.59
2017-07-21 16:00:00,37.57
2017-07-24 16:00:00,38.02
2017-07-25 16:00:00,38.19
2017-07-26 16:00:00,38.37
2017-07-27 16:00:00,37.64
2017-07-28 16:00:00,37.38
2017-07-31 16:00:00,37.18
2017-08-01 16:00:00,37.51
2017-08-02 16:00:00,39.28
2017-08-03 16:00:00,38.89
2017-08-04 16:00:00,39.1
2017-08-07 16:00:00,39.7
2017-08-08 16:00:00,40.02
2017-08-09 16:00:00,40.27
2017-08-10 16:00:00,38.83
2017-08-11 16:00:00,39.37
2017-08-14 16:00:00,39.96
2017-08-15 16:00:00,40.4
2017-08-16 16:00:00,40.24
2017-08-17 16:00:00,39.47
2017-08-18 16:00:00,39.38
2017-08-21 16:00:00,39.3
2017-08-22 16:00:00,39.95
2017-08-23 16:00:00,39.99
2017-08-24 16:00:00,39.82
2017-08-25 16:00:00,39.97
2017-08-28 16:00:00,40.37
2017-08-29 16:00:00,40.73
2017-08-30 16:00:00,40.84
2017-08-31 16:00:00,41.0
2017-09-01 16:00:00,41.01
2017-09-05 16:00:00,40.52
2017-09-06 16:00:00,40.48
2017-09-07 16:00:00,40.32
2017-09-08 16:00:00,39.66
2017-09-11 16:00:00,40.38
2017-09-12 16:00:00,40.22
2017-09-13 16:00:00,39.91
2017-09-14 16:00:00,39.57
2017-09-15 16:00:00,39.97
2017-09-18 16:00:00,39.67
2017-09-19 16:00:00,39.68
2017-09-20 16:00:00,39.02
2017-09-21 16:00:00,38.35
2017-09-22 16:00:00,37.97
2017-09-25 16:00:00,37.64
2017-09-26 16:00:00,38.28
2017-09-27 16:00:00,38.56
2017-09-28 16:00:00,38.32
2017-09-29 16:00:00,38.53
2017-10-02 16:00:00,38.45
2017-10-03 16:00:00,38.62
2017-10-04 16:00:00,38.37
2017-10-05 16:00:00,38.85
2017-10-06 16:00:00,38.83
2017-10-09 16:00:00,38.96
2017-10-10 16:00:00,38.98
2017-10-11 16:00:00,39.14
2017-10-12 16:00:00,39.0
2017-10-13 16:00:00,39.25
2017-10-16 16:00:00,39.97
2017-10-17 16:00:00,40.12
2017-10-18 16:00:00,39.94
2017-10-19 16:00:00,38.99
2017-10-20 16:00:00,39.06
2017-10-23 16:00:00,39.04
2017-10-24 16:00:00,39.28
2017-10-25 16:00:00,39.1
2017-10-26 16:00:00,39.35
2017-10-27 16:00:00,40.76
2017-10-30 16:00:00,41.68
2017-10-31 16:00:00,42.26
2017-11-01 16:00:00,41.72
2017-11-02 16:00:00,42.03
2017-11-03 16:00:00,43.13
2017-11-06 16:00:00,43.56
2017-11-07 16:00:00,43.7
2017-11-08 16:00:00,44.06
2017-11-09 16:00:00,43.97
2017-11-10 16:00:00,43.67
2017-11-13 16:00:00,43.49
2017-11-14 16:00:00,42.84
2017-11-15 16:00:00,42.27
2017-11-16 16:00:00,42.78
2017-11-17 16:00:00,42.54
2017-11-20 16:00:00,42.5
2017-11-21 16:00:00,43.29
2017-11-22 16:00:00,43.74
2017-11-24 13:00:00,43.74
2017-11-27 16:00:00,43.52
2017-11-28 16:00:00,43.27
2017-11-29 16:00:00,42.37
2017-11-30 16:00:00,42.96
2017-12-01 16:00:00,42.76
2017-12-04 16:00:00,42.45
2017-12-05 16:00:00,42.41
2017-12-06 16:00:00,42.25
2017-12-07 16:00:00,42.33
2017-12-08 16:00:00,42.34
2017-12-11 16:00:00,43.17
2017-12-12 16:00:00,42.93
2017-12-13 16:00:00,43.07
2017-12-14 16:00:00,43.06
2017-12-15 16:00:00,43.49
2017-12-18 16:00:00,44.11
2017-12-19 16:00:00,43.64
2017-12-20 16:00:00,43.59
2017-12-21 16:00:00,43.75
2017-12-22 16:00:00,43.75
2017-12-26 16:00:00,42.64
2017-12-27 16:00:00,42.65
2017-12-28 16:00:00,42.77
2017-12-29 16:00:00,42.31
2018-01-02 16:00:00,43.07
2018-01-03 16:00:00,43.06
2018-01-04 16:00:00,43.26
2018-01-05 16:00:00,43.75
2018-01-08 16:00:00,43.59
2018-01-09 16:00:00,43.58
2018-01-10 16:00:00,43.57
2018-01-11 16:00:00,43.82
2018-01-12 16:00:00,44.27
2018-01-16 16:00:00,44.05
2018-01-17 16:00:00,44.78
2018-01-18 16:00:00,44.82
2018-01-19 16:00:00,44.62
2018-01-22 16:00:00,44.25
2018-01-23 16:00:00,44.26
2018-01-24 16:00:00,43.56
2018-01-25 16:00:00,42.78
2018-01-26 16:00:00,42.88
2018-01-29 16:00:00,41.99
2018-01-30 16:00:00,41.74
2018-01-31 16:00:00,41.86
2018-02-01 16:00:00,41.95
2018-02-02 16:00:00,40.13
2018-02-05 16:00:00,39.12
2018-02-06 16:00:00,40.76
2018-02-07 16:00:00,39.89
2018-02-08 16:00:00,38.79
2018-02-09 16:00:00,39.1
2018-02-12 16:00:00,40.68
2018-02-13 16:00:00,41.09
2018-02-14 16:00:00,41.84
2018-02-15 16:00:00,43.25
2018-02-16 16:00:00,43.11
2018-02-20 16:00:00,42.96
2018-02-21 16:00:00,42.77
2018-02-22 16:00:00,43.13
2018-02-23 16:00:00,43.88
2018-02-26 16:00:00,44.74
2018-02-27 16:00:00,44.6
2018-02-28 16:00:00,44.53
2018-03-01 16:00:00,43.75
2018-03-02 16:00:00,44.05
2018-03-05 16:00:00,44.21
2018-03-06 16:00:00,44.17
2018-03-07 16:00:00,43.76
2018-03-08 16:00:00,44.24
2018-03-09 16:00:00,45.0
2018-03-12 16:00:00,45.43
2018-03-13 16:00:00,44.99
2018-03-14 16:00:00,44.61
2018-03-15 16:00:00,44.66
2018-03-16 16:00:00,44.51
2018-03-19 16:00:00,43.83
2018-03-20 16:00:00,43.81
2018-03-21 16:00:00,42.82
2018-03-22 16:00:00,42.21
2018-03-23 16:00:00,41.24
2018-03-26 16:00:00,43.19
2018-03-27 16:00:00,42.09
2018-03-28 16:00:00,41.62
2018-03-29 16:00:00,41.95
2018-04-02 16:00:00,41.67
2018-04-03 16:00:00,42.1
2018-04-04 16:00:00,42.9
2018-04-05 16:00:00,43.2
2018-04-06 16:00:00,42.1
2018-04-09 16:00:00,42.51
2018-04-10 16:00:00,43.31
2018-04-11 16:00:00,43.11
2018-04-12 16:00:00,43.54
2018-04-13 16:00:00,43.68
2018-04-16 16:00:00,43.96
2018-04-17 16:00:00,44.56
2018-04-18 16:00:00,44.46
2018-04-19 16:00:00,43.2
2018-04-20 16:00:00,41.43
2018-04-23 16:00:00,41.31
2018-04-24 16:00:00,40.74
2018-04-25 16:00:00,40.91
2018-04-26 16:00:00,41.06
2018-04-27 16:00:00,40.58
2018-04-30 16:00:00,41.32
2018-05-01 16:00:00,42.28
2018-05-02 16:00:00,44.14
2018-05-03 16:00:00,44.22
2018-05-04 16:00:00,45.96
2018-05-07 16:00:00,46.29
2018-05-08 16:00:00,46.51
2018-05-09 16:00:00,46.84
2018-05-10 16:00:00,47.51
2018-05-11 16:00:00,47.15
2018-05-14 16:00:00,47.04
2018-05-15 16:00:00,46.61
2018-05-16 16:00:00,47.05
2018-05-17 16:00:00,46.75
2018-05-18 16:00:00,46.58
2018-05-21 16:00:00,46.91
2018-05-22 16:00:00,46.79
2018-05-23 16:00:00,47.09
2018-05-24 16:00:00,47.04
2018-05-25 16:00:00,47.15
2018-05-29 16:00:00,46.98
2018-05-30 16:00:00,46.88
2018-05-31 16:00:00,46.72
2018-06-01 16:00:00,47.56
2018-06-04 16:00:00,47.96
2018-06-05 16:00:00,48.33
2018-06-06 16:00:00,48.5
2018-06-07 16:00:00,48.37
2018-06-08 16:00:00,47.93
2018-06-11 16:00:00,47.81
2018-06-12 16:00:00,48.07
2018-06-13 16:00:00,47.68
2018-06-14 16:00:00,47.7
2018-06-15 16:00:00,47.21
2018-06-18 16:00:00,47.19
2018-06-19 16:00:00,46.42
2018-06-20 16:00:00,46.63
2018-06-21 16:00:00,46.37
2018-06-22 16:00:00,46.23
2018-06-25 16:00:00,45.54
2018-06-26 16:00:00,46.11
2018-06-27 16:00:00,46.04
2018-06-28 16:00:00,46.38
2018-06-29 16:00:00,46.28
2018-07-02 16:00:00,46.8
2018-07-03 13:00:00,45.98
2018-07-05 16:00:00,46.35
2018-07-06 16:00:00,46.99
2018-07-09 16:00:00,47.65
2018-07-10 16:00:00,47.59
2018-07-11 16:00:00,46.97
2018-07-12 16:00:00,47.76
2018-07-13 16:00:00,47.83
2018-07-16 16:00:00,47.73
2018-07-17 16:00:00,47.86
2018-07-18 16:00:00,47.6
2018-07-19 16:00:00,47.97
2018-07-20 16:00:00,47.86
2018-07-23 16:00:00,47.86
2018-07-24 16:00:00,48.25
2018-07-25 16:00:00,48.71
2018-07-26 16:00:00,48.55
2018-07-27 16:00:00,47.75
2018-07-30 16:00:00,47.48
2018-07-31 16:00:00,47.57
2018-08-01 16:00:00,50.38
2018-08-02 16:00:00,51.85
2018-08-03 16:00:00,52.0
2018-08-06 16:00:00,52.27
2018-08-07 16:00:00,51.78
2018-08-08 16:00:00,51.81
2018-08-09 16:00:00,52.22
2018-08-10 16:00:00,51.88
2018-08-13 16:00:00,52.22
2018-08-14 16:00:00,52.44
2018-08-15 16:00:00,52.56
2018-08-16 16:00:00,53.33
2018-08-17 16:00:00,54.4
2018-08-20 16:00:00,53.87
2018-08-21 16:00:00,53.76
2018-08-22 16:00:00,53.76
2018-08-23 16:00:00,53.87
2018-08-24 16:00:00,54.04
2018-08-27 16:00:00,54.49
2018-08-28 16:00:00,54.93
2018-08-29 16:00:00,55.75
2018-08-30 16:00:00,56.26
2018-08-31 16:00:00,56.91
2018-09-04 16:00:00,57.09
2018-09-05 16:00:00,56.72
2018-09-06 16:00:00,55.78
2018-09-07 16:00:00,55.33
2018-09-10 16:00:00,54.58
2018-09-11 16:00:00,55.96
2018-09-12 16:00:00,55.27
2018-09-13 16:00:00,56.6
2018-09-14 16:00:00,55.96
2018-09-17 16:00:00,54.47
2018-09-18 16:00:00,54.56
2018-09-19 16:00:00,54.59
2018-09-20 16:00:00,55.01
2018-09-21 16:00:00,54.42
2018-09-24 16:00:00,55.2
2018-09-25 16:00:00,55.55
2018-09-26 16:00:00,55.11
2018-09-27 16:00:00,56.24
2018-09-28 16:00:00,56.44
2018-10-01 16:00:00,56.82
2018-10-02 16:00:00,57.32
2018-10-03 16:00:00,58.02
2018-10-04 16:00:00,57.0
2018-10-05 16:00:00,56.07
2018-10-08 16:00:00,55.94
2018-10-09 16:00:00,56.72
2018-10-10 16:00:00,54.09
2018-10-11 16:00:00,53.61
2018-10-12 16:00:00,55.53
2018-10-15 16:00:00,54.34
2018-10-16 16:00:00,55.54
2018-10-17 16:00:00,55.3
2018-10-18 16:00:00,54.01
2018-10-19 16:00:00,54.83
2018-10-22 16:00:00,55.16
2018-10-23 16:00:00,55.68
2018-10-24 16:00:00,53.77
2018-10-25 16:00:00,54.95
2018-10-26 16:00:00,54.08
2018-10-29 16:00:00,53.06
2018-10-30 16:00:00,53.33
2018-10-31 16:00:00,54.72
2018-11-01 16:00:00,55.56
2018-11-02 16:00:00,51.87
2018-11-05 16:00:00,50.4
2018-11-06 16:00:00,50.94
2018-11-07 16:00:00,52.49
2018-11-08 16:00:00,52.12
2018-11-09 16:00:00,51.12
2018-11-12 16:00:00,48.54
2018-11-13 16:00:00,48.06
2018-11-14 16:00:00,46.7
2018-11-15 16:00:00,47.85
2018-11-16 16:00:00,48.38
2018-11-19 16:00:00,46.47
2018-11-20 16:00:00,44.25
2018-11-21 16:00:00,44.2
2018-11-23 13:00:00,43.07
2018-11-26 16:00:00,43.66
2018-11-27 16:00:00,43.56
2018-11-28 16:00:00,45.24
2018-11-29 16:00:00,44.89
2018-11-30 16:00:00,44.65
2018-12-03 16:00:00,46.21
2018-12-04 16:00:00,44.17
2018-12-06 16:00:00,43.68
2018-12-07 16:00:00,42.12
2018-12-10 16:00:00,42.4
2018-12-11 16:00:00,42.16
2018-12-12 16:00:00,42.28
2018-12-13 16:00:00,42.74
2018-12-14 16:00:00,41.37
2018-12-17 16:00:00,40.99
2018-12-18 16:00:00,41.52
2018-12-19 16:00:00,40.22
2018-12-20 16:00:00,39.21
2018-12-21 16:00:00,37.68
2018-12-24 13:00:00,36.71
2018-12-26 16:00:00,39.29
2018-12-27 16:00:00,39.04
2018-12-28 16:00:00,39.06
2018-12-31 16:00:00,39.44
2019-01-02 16:00:00,39.48
2019-01-03 16:00:00,35.55
2019-01-04 16:00:00,37.07
2019-01-07 16:00:00,36.98
2019-01-08 16:00:00,37.69
2019-01-09 16:00:00,38.33
2019-01-10 16:00:00,38.45
2019-01-11 16:00:00,38.07
2019-01-14 16:00:00,37.5
2019-01-15 16:00:00,38.27
2019-01-16 16:00:00,38.74
2019-01-17 16:00:00,38.97
2019-01-18 16:00:00,39.21
2019-01-22 16:00:00,38.33
2019-01-23 16:00:00,38.48
2019-01-24 16:00:00,38.17
2019-01-25 16:00:00,39.44
2019-01-28 16:00:00,39.08
2019-01-29 16:00:00,38.67
2019-01-30 16:00:00,41.31
2019-01-31 16:00:00,41.61
2019-02-01 16:00:00,41.63
2019-02-04 16:00:00,42.81
2019-02-05 16:00:00,43.55
2019-02-06 16:00:00,43.56
2019-02-07 16:00:00,42.74
2019-02-08 16:00:00,42.6
2019-02-11 16:00:00,42.36
2019-02-12 16:00:00,42.72
2019-02-13 16:00:00,42.55
2019-02-14 16:00:00,42.7
2019-02-15 16:00:00,42.61
2019-02-19 16:00:00,42.73
2019-02-20 16:00:00,43.01
2019-02-21 16:00:00,42.77
2019-02-22 16:00:00,43.24
2019-02-25 16:00:00,43.56
2019-02-26 16:00:00,43.58
2019-02-27 16:00:00,43.72
2019-02-28 16:00:00,43.29
2019-03-01 16:00:00,43.74
2019-03-04 16:00:00,43.96
2019-03-05 16:00:00,43.88
2019-03-06 16:00:00,43.63
2019-03-07 16:00:00,43.13
2019-03-08 16:00:00,43.23
2019-03-11 16:00:00,44.73
2019-03-12 16:00:00,45.23
2019-03-13 16:00:00,45.43
2019-03-14 16:00:00,45.93
2019-03-15 16:00:00,46.53
2019-03-18 16:00:00,47.01
2019-03-19 16:00:00,46.63
2019-03-20 16:00:00,47.04
2019-03-21 16:00:00,48.77
2019-03-22 16:00:00,47.76
2019-03-25 16:00:00,47.19
2019-03-26 16:00:00,46.7
2019-03-27 16:00:00,47.12
2019-03-28 16:00:00,47.18
2019-03-29 16:00:00,47.49
2019-04-01 16:00:00,47.81
2019-04-02 16:00:00,48.51
2019-04-03 16:00:00,48.84
2019-04-04 16:00:00,48.92
2019-04-05 16:00:00,49.25
2019-04-08 16:00:00,50.03
2019-04-09 16:00:00,49.88
2019-04-10 16:00:00,50.16
2019-04-11 16:00:00,49.74
2019-04-12 16:00:00,49.72
2019-04-15 16:00:00,49.81
2019-04-16 16:00:00,49.81
2019-04-17 16:00:00,50.78
2019-04-18 16:00:00,50.97
2019-04-22 16:00:00,51.13
2019-04-23 16:00:00,51.87
2019-04-24 16:00:00,51.79
2019-04-25 16:00:00,51.32
2019-04-26 16:00:00,51.08
2019-04-29 16:00:00,51.15
2019-04-30 16:00:00,50.17
2019-05-01 16:00:00,52.63
2019-05-02 16:00:00,52.29
2019-05-03 16:00:00,52.94
2019-05-06 16:00:00,52.12
2019-05-07 16:00:00,50.72
2019-05-08 16:00:00,50.73
2019-05-09 16:00:00,50.18
2019-05-10 16:00:00,49.3
2019-05-13 16:00:00,46.43
2019-05-14 16:00:00,47.17
2019-05-15 16:00:00,47.73
2019-05-16 16:00:00,47.52
2019-05-17 16:00:00,47.25
2019-05-20 16:00:00,45.77
2019-05-21 16:00:00,46.65
2019-05-22 16:00:00,45.7
2019-05-23 16:00:00,44.92
2019-05-24 16:00:00,44.74
2019-05-28 16:00:00,44.56
2019-05-29 16:00:00,44.35
2019-05-30 16:00:00,44.58
2019-05-31 16:00:00,43.77
2019-06-03 16:00:00,43.33
2019-06-04 16:00:00,44.91
2019-06-05 16:00:00,45.64
2019-06-06 16:00:00,46.31
2019-06-07 16:00:00,47.54
2019-06-10 16:00:00,48.15
2019-06-11 16:00:00,48.7
2019-06-12 16:00:00,48.55
2019-06-13 16:00:00,48.54
2019-06-14 16:00:00,48.19
2019-06-17 16:00:00,48.47
2019-06-18 16:00:00,49.61
2019-06-19 16:00:00,49.47
2019-06-20 16:00:00,49.87
2019-06-21 16:00:00,49.7
2019-06-24 16:00:00,49.65
2019-06-25 16:00:00,48.89
2019-06-26 16:00:00,49.95
2019-06-27 16:00:00,49.94
2019-06-28 16:00:00,49.48
2019-07-01 16:00:00,50.39
2019-07-02 16:00:00,50.68
2019-07-03 13:00:00,51.1
2019-07-05 16:00:00,51.06
2019-07-08 16:00:00,50.01
2019-07-09 16:00:00,50.31
2019-07-10 16:00:00,50.81
2019-07-11 16:00:00,50.44
2019-07-12 16:00:00,50.83
2019-07-15 16:00:00,51.3
2019-07-16 16:00:00,51.13
2019-07-17 16:00:00,50.84
2019-07-18 16:00:00,51.42
2019-07-19 16:00:00,50.65
2019-07-22 16:00:00,51.81
2019-07-23 16:00:00,52.21
2019-07-24 16:00:00,52.17
2019-07-25 16:00:00,51.76
2019-07-26 16:00:00,51.94
2019-07-29 16:00:00,52.42
2019-07-30 16:00:00,52.2
2019-07-31 16:00:00,53.26
2019-08-01 16:00:00,52.11
2019-08-02 16:00:00,51.01
2019-08-05 16:00:00,48.34
2019-08-06 16:00:00,49.25
2019-08-07 16:00:00,49.76
2019-08-08 16:00:00,50.86
2019-08-09 16:00:00,50.25
2019-08-12 16:00:00,50.12
2019-08-13 16:00:00,52.24
2019-08-14 16:00:00,50.69
2019-08-15 16:00:00,50.44
2019-08-16 16:00:00,51.63
2019-08-19 16:00:00,52.59
2019-08-20 16:00:00,52.59
2019-08-21 16:00:00,53.16
2019-08-22 16:00:00,53.12
2019-08-23 16:00:00,50.66
2019-08-26 16:00:00,51.62
2019-08-27 16:00:00,51.04
2019-08-28 16:00:00,51.38
2019-08-29 16:00:00,52.25
2019-08-30 16:00:00,52.19
2019-09-03 16:00:00,51.43
2019-09-04 16:00:00,52.3
2019-09-05 16:00:00,53.32
2019-09-06 16:00:00,53.32
2019-09-09 16:00:00,53.54
2019-09-10 16:00:00,54.18
2019-09-11 16:00:00,55.9
2019-09-12 16:00:00,55.77
2019-09-13 16:00:00,54.69
2019-09-16 16:00:00,54.98
2019-09-17 16:00:00,55.18
2019-09-18 16:00:00,55.69
2019-09-19 16:00:00,55.24
2019-09-20 16:00:00,54.43
2019-09-23 16:00:00,54.68
2019-09-24 16:00:00,54.42
2019-09-25 16:00:00,55.26
2019-09-26 16:00:00,54.97
2019-09-27 16:00:00,54.71
2019-09-30 16:00:00,55.99
2019-10-01 16:00:00,56.15
2019-10-02 16:00:00,54.74
2019-10-03 16:00:00,55.21
2019-10-04 16:00:00,56.75
2019-10-07 16:00:00,56.77
2019-10-08 16:00:00,56.1
2019-10-09 16:00:00,56.76
2019-10-10 16:00:00,57.52
2019-10-11 16:00:00,59.05
2019-10-14 16:00:00,58.97
2019-10-15 16:00:00,58.83
2019-10-16 16:00:00,58.59
2019-10-17 16:00:00,58.82
2019-10-18 16:00:00,59.1
2019-10-21 16:00:00,60.13
2019-10-22 16:00:00,59.99
2019-10-23 16:00:00,60.8
2019-10-24 16:00:00,60.9
2019-10-25 16:00:00,61.65
2019-10-28 16:00:00,62.26
2019-10-29 16:00:00,60.82
2019-10-30 16:00:00,60.82
2019-10-31 16:00:00,62.19
2019-11-01 16:00:00,63.96
2019-11-04 16:00:00,64.38
2019-11-05 16:00:00,64.28
2019-11-06 16:00:00,64.31
2019-11-07 16:00:00,64.86
2019-11-08 16:00:00,65.04
2019-11-11 16:00:00,65.55
2019-11-12 16:00:00,65.49
2019-11-13 16:00:00,66.12
2019-11-14 16:00:00,65.66
2019-11-15 16:00:00,66.44
2019-11-18 16:00:00,66.78
2019-11-19 16:00:00,66.57
2019-11-20 16:00:00,65.8
2019-11-21 16:00:00,65.5
2019-11-22 16:00:00,65.44
2019-11-25 16:00:00,66.59
2019-11-26 16:00:00,66.07
2019-11-27 16:00:00,66.96
2019-11-29 13:00:00,66.81
2019-12-02 16:00:00,66.04
2019-12-03 16:00:00,64.86
2019-12-04 16:00:00,65.44
2019-12-05 16:00:00,66.4
2019-12-06 16:00:00,67.68
2019-12-09 16:00:00,66.73
2019-12-10 16:00:00,67.12
2019-12-11 16:00:00,67.69
2019-12-12 16:00:00,67.86
2019-12-13 16:00:00,68.79
2019-12-16 16:00:00,69.97
2019-12-17 16:00:00,70.1
2019-12-18 16:00:00,69.94
2019-12-19 16:00:00,70.01
2019-12-20 16:00:00,69.86
2019-12-23 16:00:00,71.0
2019-12-24 13:00:00,71.07
2019-12-26 16:00:00,72.48
2019-12-27 16:00:00,72.45
2019-12-30 16:00:00,72.88
2019-12-31 16:00:00,73.41
2020-01-02 16:00:00,75.09
2020-01-03 16:00:00,74.36
2020-01-06 16:00:00,74.95
2020-01-07 16:00:00,74.6
2020-01-08 16:00:00,75.8
2020-01-09 16:00:00,77.41
2020-01-10 16:00:00,77.58
2020-01-13 16:00:00,79.24
2020-01-14 16:00:00,78.17
2020-01-15 16:00:00,77.83
2020-01-16 16:00:00,78.81
2020-01-17 16:00:00,79.68
2020-01-21 16:00:00,79.14
2020-01-22 16:00:00,79.43
2020-01-23 16:00:00,79.81
2020-01-24 16:00:00,79.58
2020-01-27 16:00:00,77.24
2020-01-28 16:00:00,79.42
2020-01-29 16:00:00,81.08
2020-01-30 16:00:00,80.97
2020-01-31 16:00:00,77.38
2020-02-03 16:00:00,77.17
2020-02-04 16:00:00,79.71
2020-02-05 16:00:00,80.36
2020-02-06 16:00:00,81.3
2020-02-07 16:00:00,80.01
2020-02-10 16:00:00,80.39
2020-02-11 16:00:00,79.9
2020-02-12 16:00:00,81.8
2020-02-13 16:00:00,81.22
2020-02-14 16:00:00,81.24
2020-02-18 16:00:00,79.75
2020-02-19 16:00:00,80.91
2020-02-20 16:00:00,80.08
2020-02-21 16:00:00,78.26
2020-02-24 16:00:00,74.55
2020-02-25 16:00:00,72.02
2020-02-26 16:00:00,73.16
2020-02-27 16:00:00,68.38
2020-02-28 16:00:00,68.34
2020-03-02 16:00:00,74.7
2020-03-03 16:00:00,72.33
2020-03-04 16:00:00,75.69
2020-03-05 16:00:00,73.23
2020-03-06 16:00:00,72.26
2020-03-09 16:00:00,66.54
2020-03-10 16:00:00,71.33
2020-03-11 16:00:00,68.86
2020-03-12 16:00:00,62.06
2020-03-13 16:00:00,69.49
2020-03-16 16:00:00,60.55
2020-03-17 16:00:00,63.22
2020-03-18 16:00:00,61.67
2020-03-19 16:00:00,61.2
2020-03-20 16:00:00,57.31
2020-03-23 16:00:00,56.09
2020-03-24 16:00:00,61.72
2020-03-25 16:00:00,61.38
2020-03-26 16:00:00,64.61
2020-03-27 16:00:00,61.94
2020-03-30 16:00:00,63.7
2020-03-31 16:00:00,63.57
2020-04-01 16:00:00,60.23
2020-04-02 16:00:00,61.23
2020-04-03 16:00:00,60.35
2020-04-06 16:00:00,65.62
2020-04-07 16:00:00,64.86
2020-04-08 16:00:00,66.52
2020-04-09 16:00:00,67.0
2020-04-13 16:00:00,68.31
2020-04-14 16:00:00,71.76
2020-04-15 16:00:00,71.11
2020-04-16 16:00:00,71.67
2020-04-17 16:00:00,70.7
2020-04-20 16:00:00,69.23
2020-04-21 16:00:00,67.09
2020-04-22 16:00:00,69.03
2020-04-23 16:00:00,68.76
2020-04-24 16:00:00,70.74
2020-04-27 16:00:00,70.79
2020-04-28 16:00:00,69.65
2020-04-29 16:00:00,71.93
2020-04-30 16:00:00,73.45
2020-05-01 16:00:00,72.27
2020-05-04 16:00:00,73.29
2020-05-05 16:00:00,74.39
2020-05-06 16:00:00,75.16
2020-05-07 16:00:00,75.94
2020-05-08 16:00:00,77.53
2020-05-11 16:00:00,78.75
2020-05-12 16:00:00,77.85
2020-05-13 16:00:00,76.91
2020-05-14 16:00:00,77.39
2020-05-15 16:00:00,76.93
2020-05-18 16:00:00,78.74
2020-05-19 16:00:00,78.29
2020-05-20 16:00:00,79.81
2020-05-21 16:00:00,79.21
2020-05-22 16:00:00,79.72
2020-05-26 16:00:00,79.18
2020-05-27 16:00:00,79.53
2020-05-28 16:00:00,79.56
2020-05-29 16:00:00,79.49
2020-06-01 16:00:00,80.46
2020-06-02 16:00:00,80.83
2020-06-03 16:00:00,81.28
2020-06-04 16:00:00,80.58
2020-06-05 16:00:00,82.88
2020-06-08 16:00:00,83.37
2020-06-09 16:00:00,86.0
2020-06-10 16:00:00,88.21
2020-06-11 16:00:00,83.98
2020-06-12 16:00:00,84.7
2020-06-15 16:00:00,85.75
2020-06-16 16:00:00,88.02
2020-06-17 16:00:00,87.9
2020-06-18 16:00:00,87.93
2020-06-19 16:00:00,87.43
2020-06-22 16:00:00,89.72
2020-06-23 16:00:00,91.63
2020-06-24 16:00:00,90.02
2020-06-25 16:00:00,91.21
2020-06-26 16:00:00,88.41
2020-06-29 16:00:00,90.45
2020-06-30 16:00:00,91.2
2020-07-01 16:00:00,91.03
2020-07-02 16:00:00,91.03
2020-07-06 16:00:00,93.46
2020-07-07 16:00:00,93.17
2020-07-08 16:00:00,95.34
2020-07-09 16:00:00,95.68
2020-07-10 16:00:00,95.92
2020-07-13 16:00:00,95.48
2020-07-14 16:00:00,97.06
2020-07-15 16:00:00,97.73
2020-07-16 16:00:00,96.52
2020-07-17 16:00:00,96.33
2020-07-20 16:00:00,98.36
2020-07-21 16:00:00,97.0
2020-07-22 16:00:00,97.27
2020-07-23 16:00:00,92.85
2020-07-24 16:00:00,92.62
2020-07-27 16:00:00,94.81
2020-07-28 16:00:00,93.25
2020-07-29 16:00:00,95.04
2020-07-30 16:00:00,96.19
2020-07-31 16:00:00,106.26
2020-08-03 16:00:00,108.94
2020-08-04 16:00:00,109.67
2020-08-05 16:00:00,110.06
2020-08-06 16:00:00,113.9
2020-08-07 16:00:00,111.11
2020-08-10 16:00:00,112.73
2020-08-11 16:00:00,109.38
2020-08-12 16:00:00,113.01
2020-08-13 16:00:00,115.01
2020-08-14 16:00:00,114.91
2020-08-17 16:00:00,114.61
2020-08-18 16:00:00,115.56
2020-08-19 16:00:00,115.71
2020-08-20 16:00:00,118.28
2020-08-21 16:00:00,124.37
2020-08-24 16:00:00,125.86
2020-08-25 16:00:00,124.83
2020-08-26 16:00:00,126.52
2020-08-27 16:00:00,125.01
2020-08-28 16:00:00,124.81
2020-08-31 16:00:00,129.04
2020-09-01 16:00:00,134.18
2020-09-02 16:00:00,131.4
2020-09-03 16:00:00,120.88
2020-09-04 16:00:00,120.96
2020-09-08 16:00:00,112.82
2020-09-09 16:00:00,117.32
2020-09-10 16:00:00,113.49
2020-09-11 16:00:00,112.0
2020-09-14 16:00:00,115.36
2020-09-15 16:00:00,115.54
2020-09-16 16:00:00,112.13
2020-09-17 16:00:00,110.34
2020-09-18 16:00:00,106.84
2020-09-21 16:00:00,110.08
2020-09-22 16:00:00,111.81
2020-09-23 16:00:00,107.12
2020-09-24 16:00:00,108.22
2020-09-25 16:00:00,112.28
2020-09-28 16:00:00,114.96
2020-09-29 16:00:00,114.09
2020-09-30 16:00:00,115.81
2020-10-01 16:00:00,116.79
2020-10-02 16:00:00,113.02
2020-10-05 16:00:00,116.5
2020-10-06 16:00:00,113.16
2020-10-07 16:00:00,115.08
2020-10-08 16:00:00,114.97
2020-10-09 16:00:00,116.97
2020-10-12 16:00:00,124.4
2020-10-13 16:00:00,121.1
2020-10-14 16:00:00,121.19
2020-10-15 16:00:00,120.71
2020-10-16 16:00:00,119.02
2020-10-19 16:00:00,115.98
2020-10-20 16:00:00,117.51
2020-10-21 16:00:00,116.87
2020-10-22 16:00:00,115.75
2020-10-23 16:00:00,115.04
2020-10-26 16:00:00,115.05
2020-10-27 16:00:00,116.6
2020-10-28 16:00:00,111.2
2020-10-29 16:00:00,115.32
2020-10-30 16:00:00,108.86
2020-11-02 16:00:00,108.77
2020-11-03 16:00:00,110.44
2020-11-04 16:00:00,114.95
2020-11-05 16:00:00,119.03
2020-11-06 16:00:00,118.69
2020-11-09 16:00:00,116.32
2020-11-10 16:00:00,115.97
2020-11-11 16:00:00,119.49
2020-11-12 16:00:00,119.21
2020-11-13 16:00:00,119.26
2020-11-16 16:00:00,120.3
2020-11-17 16:00:00,119.39
2020-11-18 16:00:00,118.03
2020-11-19 16:00:00,118.64
2020-11-20 16:00:00,117.34
2020-11-23 16:00:00,113.85
2020-11-24 16:00:00,115.17
2020-11-25 16:00:00,116.03
2020-11-27 13:00:00,116.59
2020-11-30 16:00:00,119.05
2020-12-01 16:00:00,122.72
2020-12-02 16:00:00,123.08
2020-12-03 16:00:00,122.94
2020-12-04 16:00:00,122.25
2020-12-07 16:00:00,123.75
2020-12-08 16:00:00,124.38
2020-12-09 16:00:00,121.78
2020-12-10 16:00:00,123.24
2020-12-11 16:00:00,122.41
2020-12-14 16:00:00,121.78
2020-12-15 16:00:00,127.88
2020-12-16 16:00:00,127.81
2020-12-17 16:00:00,128.7
2020-12-18 16:00:00,126.66
2020-12-21 16:00:00,128.23
2020-12-22 16:00:00,131.88
2020-12-23 16:00:00,130.96
2020-12-24 13:00:00,131.97
2020-12-28 16:00:00,136.69
2020-12-29 16:00:00,134.87
2020-12-30 16:00:00,133.72
2020-12-31 16:00:00,132.69
2021-01-04 16:00:00,129.41
2021-01-05 16:00:00,131.01
2021-01-06 16:00:00,126.6
2021-01-07 16:00:00,130.92
2021-01-08 16:00:00,132.05
2021-01-11 16:00:00,128.98
2021-01-12 16:00:00,128.8
2021-01-13 16:00:00,130.89
2021-01-14 16:00:00,128.91
2021-01-15 16:00:00,127.14
2021-01-19 16:00:00,127.83
2021-01-20 16:00:00,132.03
2021-01-21 16:00:00,136.87
2021-01-22 16:00:00,139.07
2021-01-25 16:00:00,142.92
2021-01-26 16:00:00,143.16
2021-01-27 16:00:00,142.06
2021-01-28 16:00:00,137.09
2021-01-29 16:00:00,131.96
2021-02-01 16:00:00,134.14
2021-02-02 16:00:00,134.99
2021-02-03 16:00:00,133.94
2021-02-04 16:00:00,137.39
2021-02-05 16:00:00,136.76
2021-02-08 16:00:00,136.91
2021-02-09 16:00:00,136.01
2021-02-10 16:00:00,135.39
2021-02-11 16:00:00,135.13
2021-02-12 16:00:00,135.37
2021-02-16 16:00:00,133.19
2021-02-17 16:00:00,130.84
2021-02-18 16:00:00,129.71
2021-02-19 16:00:00,129.87
2021-02-22 16:00:00,126.0
2021-02-23 16:00:00,125.86
2021-02-24 16:00:00,125.35
2021-02-25 16:00:00,120.99
2021-02-26 16:00:00,121.26
2021-03-01 16:00:00,127.79
2021-03-02 16:00:00,125.12
2021-03-03 16:00:00,122.06
2021-03-04 16:00:00,120.13
2021-03-05 16:00:00,121.42
2021-03-08 16:00:00,116.36
2021-03-09 16:00:00,121.09
2021-03-10 16:00:00,119.98
2021-03-11 16:00:00,121.96
2021-03-12 16:00:00,121.03
2021-03-15 16:00:00,123.99
2021-03-16 16:00:00,125.57
2021-03-17 16:00:00,124.76
2021-03-18 16:00:00,120.53
2021-03-19 16:00:00,119.99
2021-03-22 16:00:00,123.39
2021-03-23 16:00:00,122.54
2021-03-24 16:00:00,120.09
2021-03-25 16:00:00,120.59
2021-03-26 16:00:00,121.21
2021-03-29 16:00:00,121.39
2021-03-30 16:00:00,119.9
2021-03-31 16:00:00,122.15
2021-04-01 16:00:00,123.0
2021-04-05 16:00:00,125.9
2021-04-06 16:00:00,126.21
2021-04-07 16:00:00,127.9
2021-04-08 16:00:00,130.36
2021-04-09 16:00:00,133.0
2021-04-12 16:00:00,131.24
2021-04-13 16:00:00,134.43
2021-04-14 16:00:00,132.03
2021-04-15 16:00:00,134.5
2021-04-16 16:00:00,134.16
2021-04-19 16:00:00,134.84
2021-04-20 16:00:00,133.11
2021-04-21 16:00:00,133.5
2021-04-22 16:00:00,131.94
2021-04-23 16:00:00,134.32
2021-04-26 16:00:00,134.72
2021-04-27 16:00:00,134.39
2021-04-28 16:00:00,133.58
2021-04-29 16:00:00,133.48
2021-04-30 16:00:00,131.46
2021-05-03 16:00:00,132.54
2021-05-04 16:00:00,127.85
2021-05-05 16:00:00,128.1
2021-05-06 16:00:00,129.74
2021-05-07 16:00:00,130.21
2021-05-10 16:00:00,126.85
2021-05-11 16:00:00,125.91
2021-05-12 16:00:00,122.77
2021-05-13 16:00:00,124.97
2021-05-14 16:00:00,127.45
2021-05-17 16:00:00,126.27
2021-05-18 16:00:00,124.85
2021-05-19 16:00:00,124.69
2021-05-20 16:00:00,127.31
2021-05-21 16:00:00,125.43
2021-05-24 16:00:00,127.1
2021-05-25 16:00:00,126.9
2021-05-26 16:00:00,126.85
2021-05-27 16:00:00,125.28
2021-05-28 16:00:00,124.61
2021-06-01 16:00:00,124.28
2021-06-02 16:00:00,125.06
2021-06-03 16:00:00,123.54
2021-06-04 16:00:00,125.89
2021-06-07 16:00:00,125.9
2021-06-08 16:00:00,126.74
2021-06-09 16:00:00,127.13
2021-06-10 16:00:00,126.11
2021-06-11 16:00:00,127.35
2021-06-14 16:00:00,130.48
2021-06-15 16:00:00,129.64
2021-06-16 16:00:00,130.15
2021-06-17 16:00:00,131.79
2021-06-18 16:00:00,130.46
2021-06-21 16:00:00,132.3
2021-06-22 16:00:00,133.98
2021-06-23 16:00:00,133.7
2021-06-24 16:00:00,133.41
2021-06-25 16:00:00,133.11
2021-06-28 16:00:00,134.78
2021-06-29 16:00:00,136.33
2021-06-30 16:00:00,136.96
2021-07-01 16:00:00,137.27
2021-07-02 16:00:00,139.96
2021-07-06 16:00:00,142.02
2021-07-07 16:00:00,144.57
2021-07-08 16:00:00,143.24
2021-07-09 16:00:00,145.11
2021-07-12 16:00:00,144.5
2021-07-13 16:00:00,145.64
2021-07-14 16:00:00,149.15
2021-07-15 16:00:00,148.48
2021-07-16 16:00:00,146.39
2021-07-19 16:00:00,142.45
2021-07-20 16:00:00,146.15
2021-07-21 16:00:00,145.4
2021-07-22 16:00:00,146.8
2021-07-23 16:00:00,148.56
2021-07-26 16:00:00,148.99
2021-07-27 16:00:00,146.77
2021-07-28 16:00:00,144.98
2021-07-29 16:00:00,145.64
2021-07-30 16:00:00,145.86
2021-08-02 16:00:00,145.52
2021-08-03 16:00:00,147.36
2021-08-04 16:00:00,146.95
2021-08-05 16:00:00,147.06
2021-08-06 16:00:00,146.14
2021-08-09 16:00:00,146.09
2021-08-10 16:00:00,145.6
2021-08-11 16:00:00,145.86
2021-08-12 16:00:00,148.89
2021-08-13 16:00:00,149.1
2021-08-16 16:00:00,151.12
2021-08-17 16:00:00,150.19
2021-08-18 16:00:00,146.36
2021-08-19 16:00:00,146.7
2021-08-20 16:00:00,148.19
2021-08-23 16:00:00,149.71
2021-08-24 16:00:00,149.62
2021-08-25 16:00:00,148.36
2021-08-26 16:00:00,147.54
2021-08-27 16:00:00,148.6
2021-08-30 16:00:00,153.12
2021-08-31 16:00:00,151.83
2021-09-01 16:00:00,152.51
2021-09-02 16:00:00,153.65
2021-09-03 16:00:00,154.3
2021-09-07 16:00:00,156.69
2021-09-08 16:00:00,155.11
2021-09-09 16:00:00,154.07
2021-09-10 16:00:00,148.97
2021-09-13 16:00:00,149.55
2021-09-14 16:00:00,148.12
2021-09-15 16:00:00,149.03
2021-09-16 16:00:00,148.79
2021-09-17 16:00:00,146.06
2021-09-20 16:00:00,142.94
2021-09-21 16:00:00,143.43
2021-09-22 16:00:00,145.85
2021-09-23 16:00:00,146.83
2021-09-24 16:00:00,146.92
2021-09-27 16:00:00,145.37
2021-09-28 16:00:00,141.91
2021-09-29 16:00:00,142.83
2021-09-30 16:00:00,141.5
2021-10-01 16:00:00,142.65
2021-10-04 16:00:00,139.14
2021-10-05 16:00:00,141.11
2021-10-06 16:00:00,142.0
2021-10-07 16:00:00,143.29
2021-10-08 16:00:00,142.9
2021-10-11 16:00:00,142.81
2021-10-12 16:00:00,141.51
2021-10-13 16:00:00,140.91
2021-10-14 16:00:00,143.76
2021-10-15 16:00:00,144.84
2021-10-18 16:00:00,146.55
2021-10-19 16:00:00,148.76
2021-10-20 16:00:00,149.26
2021-10-21 16:00:00,149.48
2021-10-22 16:00:00,148.69
2021-10-25 16:00:00,148.64
2021-10-26 16:00:00,149.32
2021-10-27 16:00:00,148.85
2021-10-28 16:00:00,152.57
2021-10-29 16:00:00,149.8
2021-11-01 16:00:00,148.96
2021-11-02 16:00:00,150.02
2021-11-03 16:00:00,151.49
2021-11-04 16:00:00,150.96
2021-11-05 16:00:00,151.28
2021-11-08 16:00:00,150.44
2021-11-09 16:00:00,150.81
2021-11-10 16:00:00,147.92
2021-11-11 16:00:00,147.87
2021-11-12 16:00:00,149.99
2021-11-15 16:00:00,150.0
2021-11-16 16:00:00,151.0
2021-11-17 16:00:00,153.49
2021-11-18 16:00:00,157.87
2021-11-19 16:00:00,160.55
2021-11-22 16:00:00,161.02
2021-11-23 16:00:00,161.41
2021-11-24 16:00:00,161.94
2021-11-26 13:00:00,156.81
2021-11-29 16:00:00,160.24
2021-11-30 16:00:00,165.3
2021-12-01 16:00:00,164.77
2021-12-02 16:00:00,163.76
2021-12-03 16:00:00,161.84
2021-12-06 16:00:00,165.32
2021-12-07 16:00:00,171.18
2021-12-08 16:00:00,175.08
2021-12-09 16:00:00,174.56
2021-12-10 16:00:00,179.45
2021-12-13 16:00:00,175.74
2021-12-14 16:00:00,174.33
2021-12-15 16:00:00,179.3
2021-12-16 16:00:00,172.26
2021-12-17 16:00:00,171.14
2021-12-20 16:00:00,169.75
2021-12-21 16:00:00,172.99
2021-12-22 16:00:00,175.64
2021-12-23 16:00:00,176.28
2021-12-27 16:00:00,180.33
2021-12-28 16:00:00,179.29
2021-12-29 16:00:00,179.38
2021-12-30 16:00:00,178.2
2021-12-31 16:00:00,177.57
2022-01-03 16:00:00,182.01
2022-01-04 16:00:00,179.7
2022-01-05 16:00:00,174.92
2022-01-06 16:00:00,172.0
2022-01-07 16:00:00,172.17
2022-01-10 16:00:00,172.19
2022-01-11 16:00:00,175.08
2022-01-12 16:00:00,175.53
2022-01-13 16:00:00,172.19
2022-01-14 16:00:00,173.07
2022-01-18 16:00:00,169.8
2022-01-19 16:00:00,166.23
2022-01-20 16:00:00,164.51
2022-01-21 16:00:00,162.41
2022-01-24 16:00:00,161.62
2022-01-25 16:00:00,159.78
2022-01-26 16:00:00,159.69
2022-01-27 16:00:00,159.22
2022-01-28 16:00:00,170.33
2022-01-31 16:00:00,174.78
2022-02-01 16:00:00,174.61
2022-02-02 16:00:00,175.84
2022-02-03 16:00:00,172.9
2022-02-04 16:00:00,172.39
2022-02-07 16:00:00,171.66
2022-02-08 16:00:00,174.83
2022-02-09 16:00:00,176.28
2022-02-10 16:00:00,172.12
2022-02-11 16:00:00,168.64
2022-02-14 16:00:00,168.88
2022-02-15 16:00:00,172.79
2022-02-16 16:00:00,172.55
2022-02-17 16:00:00,168.88
2022-02-18 16:00:00,167.3
2022-02-22 16:00:00,164.32
2022-02-23 16:00:00,160.07
2022-02-24 16:00:00,162.74
2022-02-25 16:00:00,164.85
2022-02-28 16:00:00,165.12
2022-03-01 16:00:00,163.2
2022-03-02 16:00:00,166.56
2022-03-03 16:00:00,166.23
2022-03-04 16:00:00,163.17
2022-03-07 16:00:00,159.3
2022-03-08 16:00:00,157.44
2022-03-09 16:00:00,162.95
2022-03-10 16:00:00,158.52
2022-03-11 16:00:00,154.73
2022-03-14 16:00:00,150.62
2022-03-15 16:00:00,155.09
2022-03-16 16:00:00,159.59
2022-03-17 16:00:00,160.62
2022-03-18 16:00:00,163.98
2022-03-21 16:00:00,165.38
2022-03-22 16:00:00,168.82
2022-03-23 16:00:00,170.21
2022-03-24 16:00:00,174.07
2022-03-25 16:00:00,174.72
2022-03-28 16:00:00,175.6
2022-03-29 16:00:00,178.96
2022-03-30 16:00:00,177.77
2022-03-31 16:00:00,174.61
2022-04-01 16:00:00,174.31
2022-04-04 16:00:00,178.44
2022-04-05 16:00:00,175.06
2022-04-06 16:00:00,171.83
2022-04-07 16:00:00,172.14
2022-04-08 16:00:00,170.09
2022-04-11 16:00:00,165.75
2022-04-12 16:00:00,167.66
2022-04-13 16:00:00,170.4
2022-04-14 16:00:00,165.29
2022-04-18 16:00:00,165.07
2022-04-19 16:00:00,167.4
2022-04-20 16:00:00,167.23
2022-04-21 16:00:00,166.42
2022-04-22 16:00:00,161.79
2022-04-25 16:00:00,162.88
2022-04-26 16:00:00,156.8
2022-04-27 16:00:00,156.57
2022-04-28 16:00:00,163.64
2022-04-29 16:00:00,157.65
2022-05-02 16:00:00,157.96
2022-05-03 16:00:00,159.48
2022-05-04 16:00:00,166.02
2022-05-05 16:00:00,156.77
2022-05-06 16:00:00,157.28
2022-05-09 16:00:00,152.06
2022-05-10 16:00:00,154.51
2022-05-11 16:00:00,146.5
2022-05-12 16:00:00,142.56
2022-05-13 16:00:00,147.11
2022-05-16 16:00:00,145.54
2022-05-17 16:00:00,149.24
2022-05-18 16:00:00,140.82
2022-05-19 16:00:00,137.35
2022-05-20 16:00:00,137.59
2022-05-23 16:00:00,143.11
2022-05-24 16:00:00,140.36
2022-05-25 16:00:00,140.52
2022-05-26 16:00:00,143.78
2022-05-27 16:00:00,149.64
2022-05-31 16:00:00,148.84
2022-06-01 16:00:00,148.71
2022-06-02 16:00:00,151.21
2022-06-03 16:00:00,145.38
2022-06-06 16:00:00,146.14
2022-06-07 16:00:00,148.71
2022-06-08 16:00:00,147.96
2022-06-09 16:00:00,142.64
2022-06-10 16:00:00,137.13
2022-06-13 16:00:00,131.88
2022-06-14 16:00:00,132.76
2022-06-15 16:00:00,135.43
2022-06-16 16:00:00,130.06
2022-06-17 16:00:00,131.56
2022-06-21 16:00:00,135.87
2022-06-22 16:00:00,135.35
2022-06-23 16:00:00,138.27
2022-06-24 16:00:00,141.66
2022-06-27 16:00:00,141.66
2022-06-28 16:00:00,137.44
2022-06-29 16:00:00,139.23
2022-06-30 16:00:00,136.72
2022-07-01 16:00:00,138.93
2022-07-05 16:00:00,141.56
2022-07-06 16:00:00,142.92
2022-07-07 16:00:00,146.35
2022-07-08 16:00:00,147.04
2022-07-11 16:00:00,144.87
2022-07-12 16:00:00,145.86
2022-07-13 16:00:00,145.49
2022-07-14 16:00:00,148.47
2022-07-15 16:00:00,150.17
2022-07-18 16:00:00,147.07
2022-07-19 16:00:00,151.0
2022-07-20 16:00:00,153.04
2022-07-21 16:00:00,155.35
2022-07-22 16:00:00,154.09
2022-07-25 16:00:00,152.95
2022-07-26 16:00:00,151.6
2022-07-27 16:00:00,156.79
2022-07-28 16:00:00,157.35
2022-07-29 16:00:00,162.51
2022-08-01 16:00:00,161.51
2022-08-02 16:00:00,160.01
2022-08-03 16:00:00,166.13
2022-08-04 16:00:00,165.81
2022-08-05 16:00:00,165.35
2022-08-08 16:00:00,164.87
2022-08-09 16:00:00,164.92
2022-08-10 16:00:00,169.24
2022-08-11 16:00:00,168.49
2022-08-12 16:00:00,172.1
2022-08-15 16:00:00,173.19
2022-08-16 16:00:00,173.03
2022-08-17 16:00:00,174.55
2022-08-18 16:00:00,174.15
2022-08-19 16:00:00,171.52
2022-08-22 16:00:00,167.57
2022-08-23 16:00:00,167.23
2022-08-24 16:00:00,167.53
2022-08-25 16:00:00,170.03
2022-08-26 16:00:00,163.62
2022-08-29 16:00:00,161.38
2022-08-30 16:00:00,158.91
2022-08-31 16:00:00,157.22
2022-09-01 16:00:00,157.96
2022-09-02 16:00:00,155.81
2022-09-06 16:00:00,154.53
2022-09-07 16:00:00,155.96
2022-09-08 16:00:00,154.46
2022-09-09 16:00:00,157.37
2022-09-12 16:00:00,163.43
2022-09-13 16:00:00,153.84
2022-09-14 16:00:00,155.31
2022-09-15 16:00:00,152.37
2022-09-16 16:00:00,150.7
2022-09-19 16:00:00,154.48
2022-09-20 16:00:00,156.9
2022-09-21 16:00:00,153.72
2022-09-22 16:00:00,152.74
2022-09-23 16:00:00,150.43
2022-09-26 16:00:00,150.77
2022-09-27 16:00:00,151.76
2022-09-28 16:00:00,149.84
2022-09-29 16:00:00,142.48
2022-09-30 16:00:00,138.2
2022-10-03 16:00:00,142.45
2022-10-04 16:00:00,146.1
2022-10-05 16:00:00,146.4
2022-10-06 16:00:00,145.43
2022-10-07 16:00:00,140.09
2022-10-10 16:00:00,140.42
2022-10-11 16:00:00,138.98
2022-10-12 16:00:00,138.34
2022-10-13 16:00:00,142.99
2022-10-14 16:00:00,138.38
2022-10-17 16:00:00,142.41
2022-10-18 16:00:00,143.75
2022-10-19 16:00:00,143.86
2022-10-20 16:00:00,143.39
2022-10-21 16:00:00,147.27
2022-10-24 16:00:00,149.45
2022-10-25 16:00:00,152.34
2022-10-26 16:00:00,149.35
2022-10-27 16:00:00,144.8
2022-10-28 16:00:00,155.74
2022-10-31 16:00:00,153.34
2022-11-01 16:00:00,150.65
2022-11-02 16:00:00,145.03
2022-11-03 16:00:00,138.88
2022-11-04 16:00:00,138.38
2022-11-07 16:00:00,138.92
2022-11-08 16:00:00,139.5
2022-11-09 16:00:00,134.87
2022-11-10 16:00:00,146.87
2022-11-11 16:00:00,149.7
2022-11-14 16:00:00,148.28
2022-11-15 16:00:00,150.04
2022-11-16 16:00:00,148.79
2022-11-17 16:00:00,150.72
2022-11-18 16:00:00,151.29
2022-11-21 16:00:00,148.01
2022-11-22 16:00:00,150.18
2022-11-23 16:00:00,151.07
2022-11-25 13:05:00,148.11
2022-11-28 16:00:00,144.22
2022-11-29 16:00:00,141.17
2022-11-30 16:00:00,148.03
2022-12-01 16:00:00,148.31
2022-12-02 16:00:00,147.81
2022-12-05 16:00:00,146.63
2022-12-06 16:00:00,142.91
2022-12-07 16:00:00,140.94
2022-12-08 16:00:00,142.65
2022-12-09 16:00:00,142.16
2022-12-12 16:00:00,144.49
2022-12-13 16:00:00,145.47
2022-12-14 16:00:00,143.21
2022-12-15 16:00:00,136.5
2022-12-16 16:00:00,134.51
2022-12-19 16:00:00,132.37
2022-12-20 16:00:00,132.3
2022-12-21 16:00:00,135.45
2022-12-22 16:00:00,132.23
2022-12-23 16:00:00,131.86
2022-12-27 16:00:00,130.03
2022-12-28 16:00:00,126.04
2022-12-29 16:00:00,129.61
2022-12-30 16:00:00,129.93
2023-01-03 16:00:00,125.07
2023-01-04 16:00:00,126.36
2023-01-05 16:00:00,125.02
2023-01-06 16:00:00,129.62
2023-01-09 16:00:00,130.15
2023-01-10 16:00:00,130.73
2023-01-11 16:00:00,133.49
2023-01-12 16:00:00,133.41
2023-01-13 16:00:00,134.76
2023-01-17 16:00:00,135.94
2023-01-18 16:00:00,135.21
2023-01-19 16:00:00,135.27
2023-01-20 16:00:00,137.87
2023-01-23 16:00:00,141.11
2023-01-24 16:00:00,142.53
2023-01-25 16:00:00,141.86
2023-01-26 16:00:00,143.96
2023-01-27 16:00:00,145.93
2023-01-30 16:00:00,143.0
2023-01-31 16:00:00,144.29
2023-02-01 16:00:00,145.43
2023-02-02 16:00:00,150.82
2023-02-03 16:00:00,154.5
2023-02-06 16:00:00,151.73
2023-02-07 16:00:00,154.65
2023-02-08 16:00:00,151.92
2023-02-09 16:00:00,150.87
2023-02-10 16:00:00,151.01
2023-02-13 16:00:00,153.85
2023-02-14 16:00:00,153.2
2023-02-15 16:00:00,155.33
2023-02-16 16:00:00,153.71
2023-02-17 16:00:00,152.55
2023-02-21 16:00:00,148.48
2023-02-22 16:00:00,148.91
2023-02-23 16:00:00,149.4
2023-02-24 16:00:00,146.71
2023-02-27 16:00:00,147.92
2023-02-28 16:00:00,147.41
2023-03-01 16:00:00,145.31
2023-03-02 16:00:00,145.91
2023-03-03 16:00:00,151.03
2023-03-06 16:00:00,153.83
2023-03-07 16:00:00,151.6
2023-03-08 16:00:00,152.87
2023-03-09 16:00:00,150.59
2023-03-10 16:00:00,148.5
2023-03-13 16:00:00,150.47
2023-03-14 16:00:00,152.59
2023-03-15 16:00:00,152.99
2023-03-16 16:00:00,155.85
2023-03-17 16:00:00,155.0
2023-03-20 16:00:00,157.4
2023-03-21 16:00:00,159.28
2023-03-22 16:00:00,157.83
2023-03-23 16:00:00,158.93
2023-03-24 16:00:00,160.25
2023-03-27 16:00:00,158.28
2023-03-28 16:00:00,157.65
2023-03-29 16:00:00,160.77
2023-03-30 16:00:00,162.36
2023-03-31 16:00:00,164.9
2023-04-03 16:00:00,166.17
2023-04-04 16:00:00,165.63
2023-04-05 16:00:00,163.76
2023-04-06 16:00:00,164.66
2023-04-10 16:00:00,162.03
2023-04-11 16:00:00,160.8
2023-04-12 16:00:00,160.1
2023-04-13 16:00:00,165.56
2023-04-14 16:00:00,165.21
2023-04-17 16:00:00,165.23
2023-04-18 16:00:00,166.47
2023-04-19 16:00:00,167.63
2023-04-20 16:00:00,166.65
2023-04-21 16:00:00,165.02
2023-04-24 16:00:00,165.33
2023-04-25 16:00:00,163.77
2023-04-26 16:00:00,163.76
2023-04-27 16:00:00,168.41
2023-04-28 16:00:00,169.68
2023-05-01 16:00:00,169.59
2023-05-02 16:00:00,168.54
2023-05-03 16:00:00,167.45
2023-05-04 16:00:00,165.79
2023-05-05 16:00:00,173.57
2023-05-08 16:00:00,173.5
2023-05-09 16:00:00,171.77
2023-05-10 16:00:00,173.56
2023-05-11 16:00:00,173.75
2023-05-12 16:00:00,172.57
2023-05-15 16:00:00,172.07
2023-05-16 16:00:00,172.07
2023-05-17 16:00:00,172.69
2023-05-18 16:00:00,175.05
2023-05-19 16:00:00,175.16
2023-05-22 16:00:00,174.2
2023-05-23 16:00:00,171.56
2023-05-24 16:00:00,171.84
2023-05-25 16:00:00,172.99
2023-05-26 16:00:00,175.43
2023-05-30 16:00:00,177.3
2023-05-31 16:00:00,177.25
2023-06-01 16:00:00,180.09
2023-06-02 16:00:00,180.95
2023-06-05 16:00:00,179.58
2023-06-06 16:00:00,179.21
2023-06-07 16:00:00,177.82
2023-06-08 16:00:00,180.57
2023-06-09 16:00:00,180.96
2023-06-12 16:00:00,183.79
2023-06-13 16:00:00,183.31
2023-06-14 16:00:00,183.95
2023-06-15 16:00:00,186.01
2023-06-16 16:00:00,184.92
2023-06-20 16:00:00,185.01
2023-06-21 16:00:00,183.96
2023-06-22 16:00:00,187.0
2023-06-23 16:00:00,186.68
2023-06-26 16:00:00,185.27
2023-06-27 16:00:00,188.06
2023-06-28 16:00:00,189.25
2023-06-29 16:00:00,189.59
2023-06-30 16:00:00,193.97
2023-07-03 13:05:00,192.46
2023-07-05 16:00:00,191.33
2023-07-06 16:00:00,191.81
2023-07-07 16:00:00,190.68
2023-07-10 16:00:00,188.61
2023-07-11 16:00:00,188.08
2023-07-12 16:00:00,189.77
2023-07-13 16:00:00,190.54
2023-07-14 16:00:00,190.69
2023-07-17 16:00:00,193.99
2023-07-18 16:00:00,193.73
2023-07-19 16:00:00,195.1
2023-07-20 16:00:00,193.13
2023-07-21 16:00:00,191.94
2023-07-24 16:00:00,192.75
2023-07-25 16:00:00,193.62
2023-07-26 16:00:00,194.5
2023-07-27 16:00:00,193.22
2023-07-28 16:00:00,195.83
2023-07-31 16:00:00,196.45
2023-08-01 16:00:00,195.61
2023-08-02 16:00:00,192.58
2023-08-03 16:00:00,191.17
2023-08-04 16:00:00,181.99
2023-08-07 16:00:00,178.85
2023-08-08 16:00:00,179.8
2023-08-09 16:00:00,178.19
2023-08-10 16:00:00,177.97
2023-08-11 16:00:00,177.79
2023-08-14 16:00:00,179.46
2023-08-15 16:00:00,177.45
2023-08-16 16:00:00,176.57
2023-08-17 16:00:00,174.0
2023-08-18 16:00:00,174.49
2023-08-21 16:00:00,175.84
2023-08-22 16:00:00,177.23
2023-08-23 16:00:00,181.12
2023-08-24 16:00:00,176.38
2023-08-25 16:00:00,178.61
2023-08-28 16:00:00,180.19
2023-08-29 16:00:00,184.12
2023-08-30 16:00:00,187.65
2023-08-31 16:00:00,187.87
2023-09-01 16:00:00,189.46
2023-09-05 16:00:00,189.7
2023-09-06 16:00:00,182.91
2023-09-07 16:00:00,177.56
2023-09-08 16:00:00,178.18
2023-09-11 16:00:00,179.36
2023-09-12 16:00:00,176.3
2023-09-13 16:00:00,174.21
2023-09-14 16:00:00,175.74
2023-09-15 16:00:00,175.01
2023-09-18 16:00:00,177.97
2023-09-19 16:00:00,179.07
2023-09-20 16:00:00,175.49
2023-09-21 16:00:00,173.93
2023-09-22 16:00:00,174.79
2023-09-25 16:00:00,176.08
2023-09-26 16:00:00,171.96
2023-09-27 16:00:00,170.43
2023-09-28 16:00:00,170.69
2023-09-29 16:00:00,171.21
2023-10-02 16:00:00,173.75
2023-10-03 16:00:00,172.4
2023-10-04 16:00:00,173.66
2023-10-05 16:00:00,174.91
2023-10-06 16:00:00,177.49
2023-10-09 16:00:00,178.99
2023-10-10 16:00:00,178.39
2023-10-11 16:00:00,179.8
2023-10-12 16:00:00,180.71
2023-10-13 16:00:00,178.85
2023-10-16 16:00:00,178.72
2023-10-17 16:00:00,177.15
2023-10-18 16:00:00,175.84
2023-10-19 16:00:00,175.46
2023-10-20 16:00:00,172.88
2023-10-23 16:00:00,173.0
2023-10-24 16:00:00,173.44
2023-10-25 16:00:00,171.1
2023-10-26 16:00:00,166.89
2023-10-27 16:00:00,168.22
2023-10-30 16:00:00,170.29
2023-10-31 16:00:00,170.77
2023-11-01 16:00:00,173.97
2023-11-02 16:00:00,177.57
2023-11-03 16:00:00,176.65
2023-11-06 16:00:00,179.23
2023-11-07 16:00:00,181.82
2023-11-08 16:00:00,182.89
2023-11-09 16:00:00,182.41
2023-11-10 16:00:00,186.4
2023-11-13 16:00:00,184.8
2023-11-14 16:00:00,187.44
2023-11-15 16:00:00,188.01
2023-11-16 16:00:00,189.71
2023-11-17 16:00:00,189.69
2023-11-20 16:00:00,191.45
2023-11-21 16:00:00,190.64
2023-11-22 16:00:00,191.31
2023-11-24 13:05:00,189.97
2023-11-27 16:00:00,189.79
2023-11-28 16:00:00,190.4
2023-11-29 16:00:00,189.37
2023-11-30 16:00:00,189.95
2023-12-01 16:00:00,191.24
2023-12-04 16:00:00,189.43
2023-12-05 16:00:00,193.42
2023-12-06 16:00:00,192.32
2023-12-07 16:00:00,194.27
2023-12-08 16:00:00,195.71
2023-12-11 16:00:00,193.18
2023-12-12 16:00:00,194.71
2023-12-13 16:00:00,197.96
2023-12-14 16:00:00,198.11
2023-12-15 16:00:00,197.57
2023-12-18 16:00:00,195.89
2023-12-19 16:00:00,196.94
2023-12-20 16:00:00,194.83
2023-12-21 16:00:00,194.68
2023-12-22 16:00:00,193.6
2023-12-26 16:00:00,193.05
2023-12-27 16:00:00,193.15
2023-12-28 16:00:00,193.58
2023-12-29 16:00:00,192.53
2024-01-02 16:00:00,185.64
2024-01-03 16:00:00,184.25
2024-01-04 16:00:00,181.91
2024-01-05 16:00:00,181.18
2024-01-08 16:00:00,185.56
2024-01-09 16:00:00,185.14
2024-01-10 16:00:00,186.19
2024-01-11 16:00:00,185.59
2024-01-12 16:00:00,185.92
2024-01-16 16:00:00,183.63
2024-01-17 16:00:00,182.68
2024-01-18 16:00:00,188.63
2024-01-19 16:00:00,191.56
2024-01-22 16:00:00,193.89
2024-01-23 16:00:00,195.18
2024-01-24 16:00:00,194.5
2024-01-25 16:00:00,194.17
2024-01-26 16:00:00,192.42
2024-01-29 16:00:00,191.73
2024-01-30 16:00:00,188.04
2024-01-31 16:00:00,184.4
2024-02-01 16:00:00,186.86
2024-02-02 16:00:00,185.85
2024-02-05 16:00:00,187.68
2024-02-06 16:00:00,189.3
2024-02-07 16:00:00,189.41
2024-02-08 16:00:00,188.32
2024-02-09 16:00:00,188.85
2024-02-12 16:00:00,187.15
2024-02-13 16:00:00,185.04
2024-02-14 16:00:00,184.15
2024-02-15 16:00:00,183.86
2024-02-16 16:00:00,182.31
2024-02-20 16:00:00,181.56
2024-02-21 16:00:00,182.32
2024-02-22 16:00:00,184.37
2024-02-23 16:00:00,182.52
2024-02-26 16:00:00,181.16
2024-02-27 16:00:00,182.63
2024-02-28 16:00:00,181.42
2024-02-29 16:00:00,180.75
2024-03-01 16:00:00,179.66
2024-03-04 16:00:00,175.1
2024-03-05 16:00:00,170.12
2024-03-06 16:00:00,169.12
2024-03-07 16:00:00,169.0
2024-03-08 16:00:00,170.73
2024-03-11 16:00:00,172.75
2024-03-12 16:00:00,173.23
2024-03-13 16:00:00,171.13
2024-03-14 16:00:00,173.0
2024-03-15 16:00:00,172.62
2024-03-18 16:00:00,173.72
2024-03-19 16:00:00,176.08
2024-03-20 16:00:00,178.67
2024-03-21 16:00:00,171.37
2024-03-22 16:00:00,172.28
2024-03-25 16:00:00,170.85
2024-03-26 16:00:00,169.71
2024-03-27 16:00:00,173.31
2024-03-28 16:00:00,171.48
2024-04-01 16:00:00,170.03
2024-04-02 16:00:00,168.84
2024-04-03 16:00:00,169.65
2024-04-04 16:00:00,168.82
2024-04-05 16:00:00,169.58
2024-04-08 16:00:00,168.45
2024-04-09 16:00:00,169.67
2024-04-10 16:00:00,167.78
2024-04-11 16:00:00,175.04
2024-04-12 16:00:00,176.55
2024-04-15 16:00:00,172.69
2024-04-16 16:00:00,169.38
2024-04-17 16:00:00,168.0
2024-04-18 16:00:00,167.04
2024-04-19 16:00:00,165.0
2024-04-22 16:00:00,165.84
2024-04-23 16:00:00,166.9
2024-04-24 16:00:00,169.02
2024-04-25 16:00:00,169.89
2024-04-26 16:00:00,169.3
2024-04-29 16:00:00,173.5
2024-04-30 16:00:00,170.33
2024-05-01 16:00:00,169.3
2024-05-02 16:00:00,173.03
2024-05-03 16:00:00,183.38
2024-05-06 16:00:00,181.71
2024-05-07 16:00:00,182.4
2024-05-08 16:00:00,182.74
2024-05-09 16:00:00,184.57
2024-05-10 16:00:00,183.05
2024-05-13 16:00:00,186.28
2024-05-14 16:00:00,187.43
2024-05-15 16:00:00,189.72
2024-05-16 16:00:00,189.84
2024-05-17 16:00:00,189.87
2024-05-20 16:00:00,191.04
2024-05-21 16:00:00,192.35
2024-05-22 16:00:00,190.9
2024-05-23 16:00:00,186.88
2024-05-24 16:00:00,189.98
2024-05-28 16:00:00,189.99
2024-05-29 16:00:00,190.29
2024-05-30 16:00:00,191.29
2024-05-31 16:00:00,192.25
2024-06-03 16:00:00,194.03
2024-06-04 16:00:00,194.35
2024-06-05 16:00:00,195.87
2024-06-06 16:00:00,194.48
2024-06-07 16:00:00,196.89
2024-06-10 16:00:00,193.12
2024-06-11 16:00:00,207.15
2024-06-12 16:00:00,213.07
2024-06-13 16:00:00,214.24
2024-06-14 16:00:00,212.49
2024-06-17 16:00:00,216.67
2024-06-18 16:00:00,214.29
2024-06-20 16:00:00,209.68
2024-06-21 16:00:00,207.49
2024-06-24 16:00:00,208.14
2024-06-25 16:00:00,209.07
2024-06-26 16:00:00,213.25
2024-06-27 16:00:00,214.1
2024-06-28 16:00:00,210.62
2024-07-01 16:00:00,216.75
2024-07-02 16:00:00,220.27
2024-07-03 13:05:00,221.55
2024-07-05 16:00:00,226.34
2024-07-08 16:00:00,227.82
2024-07-09 16:00:00,228.68
2024-07-10 16:00:00,232.98
2024-07-11 16:00:00,227.57
2024-07-12 16:00:00,230.54
2024-07-15 16:00:00,234.4
2024-07-16 16:00:00,234.82
2024-07-17 16:00:00,228.88
2024-07-18 16:00:00,224.18
2024-07-19 16:00:00,224.31
2024-07-22 16:00:00,223.96
2024-07-23 16:00:00,225.01
2024-07-24 16:00:00,218.54
2024-07-25 16:00:00,217.49
2024-07-26 16:00:00,217.96
2024-07-29 16:00:00,218.24
2024-07-30 16:00:00,218.8
2024-07-31 16:00:00,222.08
2024-08-01 16:00:00,218.36
2024-08-02 16:00:00,219.86
2024-08-05 16:00:00,209.27
2024-08-06 16:00:00,207.23
2024-08-07 16:00:00,209.82
2024-08-08 16:00:00,213.31
2024-08-09 16:00:00,216.24
2024-08-12 16:00:00,217.53
2024-08-13 16:00:00,221.27
2024-08-14 16:00:00,221.72
2024-08-15 16:00:00,224.72
2024-08-16 16:00:00,226.05
2024-08-19 16:00:00,225.89
2024-08-20 16:00:00,226.51
2024-08-21 16:00:00,226.4
2024-08-22 16:00:00,224.53
2024-08-23 16:00:00,226.84
2024-08-26 16:00:00,227.18
2024-08-27 16:00:00,228.03
2024-08-28 16:00:00,226.49
2024-08-29 16:00:00,229.79
2024-08-30 16:00:00,229.0
2024-09-03 16:00:00,222.77
2024-09-04 16:00:00,220.85
2024-09-05 16:00:00,222.38
2024-09-06 16:00:00,220.82
2024-09-09 16:00:00,220.91
2024-09-10 16:00:00,220.11
2024-09-11 16:00:00,222.66
2024-09-12 16:00:00,222.77
2024-09-13 16:00:00,222.5
2024-09-16 16:00:00,216.32
2024-09-17 16:00:00,216.79
2024-09-18 16:00:00,220.69
2024-09-19 16:00:00,228.87
2024-09-20 16:00:00,228.2
2024-09-23 16:00:00,226.47
2024-09-24 16:00:00,227.37
2024-09-25 16:00:00,226.37
2024-09-26 16:00:00,227.52
2024-09-27 16:00:00,227.79
2024-09-30 16:00:00,233.0
2024-10-01 16:00:00,226.21
2024-10-02 16:00:00,226.78
2024-10-03 16:00:00,225.67
2024-10-04 16:00:00,226.8
2024-10-07 16:00:00,221.69
2024-10-08 16:00:00,225.77
2024-10-09 16:00:00,229.54
2024-10-10 16:00:00,229.04
2024-10-11 16:00:00,227.55
2024-10-14 16:00:00,231.3
2024-10-15 16:00:00,233.85
2024-10-16 16:00:00,231.78
2024-10-17 16:00:00,232.15
2024-10-18 16:00:00,235.0
2024-10-21 16:00:00,236.48
2024-10-22 16:00:00,235.86
2024-10-23 16:00:00,230.76
2024-10-24 16:00:00,230.57
2024-10-25 16:00:00,231.41
2024-10-28 16:00:00,233.4
2024-10-29 16:00:00,233.67
2024-10-30 16:00:00,230.1
2024-10-31 16:00:00,225.91
2024-11-01 16:00:00,222.91
2024-11-04 16:00:00,222.01
2024-11-05 16:00:00,223.45
2024-11-06 16:00:00,222.72
2024-11-07 16:00:00,227.48
2024-11-08 16:00:00,226.96
2024-11-11 16:00:00,224.23
2024-11-12 16:00:00,224.23
2024-11-13 16:00:00,225.12
2024-11-14 16:00:00,228.22
2024-11-15 16:00:00,225.0
2024-11-18 16:00:00,228.02
2024-11-19 16:00:00,228.28
2024-11-20 16:00:00,229.0
2024-11-21 16:00:00,228.52
2024-11-22 16:00:00,229.87
2024-11-25 16:00:00,232.87
2024-11-26 16:00:00,235.06
2024-11-27 16:00:00,234.93
2024-11-29 13:05:00,237.33
2024-12-02 16:00:00,239.59
2024-12-03 16:00:00,242.65
2024-12-04 16:00:00,243.01
2024-12-05 16:00:00,243.04
2024-12-06 16:00:00,242.84
2024-12-09 16:00:00,246.75
2024-12-10 16:00:00,247.77
2024-12-11 16:00:00,246.49
2024-12-12 16:00:00,247.96
2024-12-13 16:00:00,248.13
2024-12-16 16:00:00,251.04
2024-12-17 16:00:00,253.48
2024-12-18 16:00:00,248.05
2024-12-19 16:00:00,249.79
2024-12-20 16:00:00,254.49
2024-12-23 16:00:00,255.27
2024-12-24 13:05:00,258.2
2024-12-26 16:00:00,259.02
2024-12-27 16:00:00,255.59
2024-12-30 16:00:00,252.2
2024-12-31 16:00:00,250.42
2025-01-02 16:00:00,243.85
2025-01-03 16:00:00,243.36
2025-01-06 16:00:00,245.0
2025-01-07 16:00:00,242.21
2025-01-08 16:00:00,242.7
2025-01-10 16:00:00,236.85
2025-01-13 16:00:00,234.4
2025-01-14 16:00:00,233.28
2025-01-15 16:00:00,237.87
2025-01-16 16:00:00,228.26
2025-01-17 16:00:00,229.98
2025-01-21 16:00:00,222.64
2025-01-22 16:00:00,223.83
2025-01-23 16:00:00,223.66
2025-01-24 16:00:00,222.78
2025-01-27 16:00:00,229.86
2025-01-28 16:00:00,238.26
2025-01-29 16:00:00,239.36
2025-01-30 16:00:00,237.59
2025-01-31 16:00:00,236.0
2025-02-03 16:00:00,228.01
2025-02-04 16:00:00,232.8
2025-02-05 16:00:00,232.47
2025-02-06 16:00:00,233.22
2025-02-07 16:00:00,227.63
2025-02-10 16:00:00,227.65
2025-02-11 16:00:00,232.62
2025-02-12 16:00:00,236.87
2025-02-13 16:00:00,241.53
2025-02-14 16:00:00,244.6
2025-02-18 16:00:00,244.47
2025-02-19 16:00:00,244.87
2025-02-20 16:00:00,245.83
2025-02-21 16:00:00,245.55
2025-02-24 16:00:00,247.1
2025-02-25 16:00:00,247.04
2025-02-26 16:00:00,240.36
2025-02-27 16:00:00,237.3
2025-02-28 16:00:00,241.84
2025-03-03 16:00:00,238.03
2025-03-04 16:00:00,235.93
2025-03-05 16:00:00,235.74
2025-03-06 16:00:00,235.33
2025-03-07 16:00:00,239.07
2025-03-10 16:00:00,227.48
2025-03-11 16:00:00,220.84
2025-03-12 16:00:00,216.98
2025-03-13 16:00:00,209.68
2025-03-14 16:00:00,213.49
2025-03-17 16:00:00,214.0
2025-03-18 16:00:00,212.69
2025-03-19 16:00:00,215.24
2025-03-20 16:00:00,214.1
2025-03-21 16:00:00,218.27
2025-03-24 16:00:00,220.73
2025-03-25 16:00:00,223.75
2025-03-26 16:00:00,221.53
2025-03-27 16:00:00,223.85
2025-03-28 16:00:00,217.9
2025-03-31 16:00:00,222.13
2025-04-01 16:00:00,223.19
2025-04-02 16:00:00,223.89
2025-04-03 16:00:00,203.19
2025-04-04 16:00:00,188.38
2025-04-07 16:00:00,181.46
2025-04-08 16:00:00,172.42
2025-04-09 16:00:00,198.85
2025-04-10 16:00:00,190.42
2025-04-11 16:00:00,198.15
2025-04-14 16:00:00,202.52
2025-04-15 16:00:00,202.14
2025-04-16 16:00:00,194.27
2025-04-17 16:00:00,196.98
2025-04-21 16:00:00,193.16
2025-04-22 16:00:00,199.74
2025-04-23 16:00:00,204.6
2025-04-24 16:00:00,208.37
2025-04-25 16:00:00,209.28
2025-04-28 16:00:00,210.14
2025-04-29 16:00:00,211.21
2025-04-30 16:00:00,212.5
2025-05-01 16:00:00,213.32
2025-05-02 16:00:00,205.35
2025-05-05 16:00:00,198.89
2025-05-06 16:00:00,198.51
2025-05-07 16:00:00,196.25
2025-05-08 16:00:00,197.49
2025-05-09 16:00:00,198.53
2025-05-12 16:00:00,210.79
2025-05-13 16:00:00,212.93
2025-05-14 16:00:00,212.33
2025-05-15 16:00:00,211.45
2025-05-16 16:00:00,211.26
2025-05-19 16:00:00,208.78
2025-05-20 16:00:00,206.86
2025-05-21 16:00:00,202.09
2025-05-22 16:00:00,202.09
2025-05-23 16:00:00,195.27
2025-05-27 16:00:00,200.21
2025-05-28 16:00:00,200.42
2025-05-29 16:00:00,199.95
2025-05-30 16:00:00,200.85
2025-06-02 16:00:00,201.7
2025-06-03 16:00:00,203.27
2025-06-04 16:00:00,202.82
2025-06-05 16:00:00,200.63
2025-06-06 16:00:00,203.92
2025-06-09 16:00:00,201.45
2025-06-10 16:00:00,202.67
2025-06-11 16:00:00,198.78
2025-06-12 16:00:00,199.2
2025-06-13 16:00:00,196.45
2025-06-16 16:00:00,198.42
2025-06-17 16:00:00,195.64
2025-06-18 16:00:00,196.58
2025-06-20 16:00:00,201.0
2025-06-23 16:00:00,201.5
2025-06-24 16:00:00,200.3
2025-06-25 16:00:00,201.56
2025-06-26 16:00:00,201.0
2025-06-27 16:00:00,201.08
2025-06-30 16:00:00,205.17
2025-07-01 16:00:00,207.82
2025-07-02 16:00:00,212.44
2025-07-03 13:05:00,213.55
2025-07-07 16:00:00,209.95
2025-07-08 16:00:00,210.01
2025-07-09 16:00:00,211.14
2025-07-10 16:00:00,212.41
2025-07-11 16:00:00,211.16
2025-07-14 16:00:00,208.62
2025-07-15 16:00:00,209.11
2025-07-16 16:00:00,210.16
2025-07-17 16:00:00,210.02
2025-07-18 16:00:00,211.18
2025-07-21 16:00:00,212.48
2025-07-22 16:00:00,214.4
2025-07-23 16:00:00,214.15
2025-07-24 16:00:00,213.76
2025-07-25 16:00:00,213.88
2025-07-28 16:00:00,214.05
2025-07-29 16:00:00,211.27
2025-07-30 16:00:00,209.05
2025-07-31 16:00:00,207.57
2025-08-01 16:00:00,202.38
2025-08-04 16:00:00,203.35
2025-08-05 16:00:00,202.92
2025-08-06 16:00:00,213.25
2025-08-07 16:00:00,220.03
2025-08-08 16:00:00,229.35
2025-08-11 16:00:00,227.18
2025-08-12 16:00:00,229.65
2025-08-13 16:00:00,233.33
2025-08-14 16:00:00,232.78
2025-08-15 16:00:00,231.59
2025-08-18 16:00:00,230.89
2025-08-19 16:00:00,230.56
2025-08-20 16:00:00,226.01
2025-08-21 16:00:00,224.9
2025-08-22 16:00:00,227.76
2025-08-25 16:00:00,227.16
2025-08-26 16:00:00,229.31
2025-08-27 16:00:00,230.49
2025-08-28 16:00:00,232.56
2025-08-29 16:00:00,232.14
2025-09-02 16:00:00,229.72
2025-09-03 16:00:00,238.47
2025-09-04 16:00:00,239.78
2025-09-05 16:00:00,239.69
2025-09-08 16:00:00,237.88
2025-09-09 16:00:00,234.35
2025-09-10 16:00:00,226.79
2025-09-11 16:00:00,230.03
2025-09-12 16:00:00,234.07
2025-09-15 16:00:00,236.7
2025-09-16 16:00:00,238.15
2025-09-17 16:00:00,238.99
2025-09-18 16:00:00,237.88
2025-09-19 16:00:00,245.5
2025-09-22 16:00:00,256.08
2025-09-23 16:00:00,254.43
2025-09-24 16:00:00,252.31
2025-09-25 16:00:00,256.87
2025-09-26 16:00:00,255.46
2025-09-29 16:00:00,254.43
2025-09-30 16:00:00,254.63
2025-10-01 16:00:00,255.45
2025-10-02 16:00:00,257.13
2025-10-03 16:00:00,258.02
2025-10-06 16:00:00,256.69
2025-10-07 16:00:00,256.48
2025-10-08 16:00:00,258.06
2025-10-09 16:00:00,254.04
2025-10-10 16:00:00,245.27
2025-10-13 16:00:00,247.66
2025-10-14 16:00:00,247.77
2025-10-15 16:00:00,249.34
2025-10-16 16:00:00,247.45
2025-10-17 16:00:00,252.29
2025-10-20 16:00:00,262.24
2025-10-21 16:00:00,262.77
2025-10-22 16:00:00,258.45
2025-10-23 16:00:00,259.58
2025-10-24 16:00:00,262.82
2025-10-27 16:00:00,268.81
2025-10-28 16:00:00,269.0
2025-10-29 16:00:00,269.7
2025-10-30 16:00:00,271.4
2025-10-31 16:00:00,270.37
2025-11-03 16:00:00,269.05
