Date,Close,Returns
2020-11-10,113.00070190429688,-0.003008966992235851
2020-11-11,116.4305648803711,0.03035258116342554
2020-11-12,116.15775299072266,-0.00234312948604809
2020-11-13,116.20646667480469,0.0004193752274626039
2020-11-16,117.21984100341797,0.008720464167016884
2020-11-17,116.3331298828125,-0.007564513933947525
2020-11-18,115.00794982910156,-0.011391252475076108
2020-11-19,115.60232543945312,0.0051681263011365
2020-11-20,114.33562469482422,-0.010957398476316493
2020-11-23,110.93497467041016,-0.029742698598890893
2020-11-24,112.22119140625,0.011594330279167675
2020-11-25,113.05915832519531,0.007467100539966687
2020-11-27,113.60484313964844,0.0048265423388660356
2020-11-30,116.00183868408203,0.021099413354121577
2020-12-01,119.5779037475586,0.03082765845820412
2020-12-02,119.92865753173828,0.0029332658725993443
2020-12-03,119.79224395751953,-0.0011374560261599997
2020-12-04,119.1198959350586,-0.005612617313516255
2020-12-07,120.58149719238281,0.012270001126604813
2020-12-08,121.19535827636719,0.005090839791157986
2020-12-09,118.66194152832031,-0.020903579015541296
2020-12-10,120.08454895019531,0.011988742165789379
2020-12-11,119.27579498291016,-0.006734871174980062
2020-12-14,118.66194152832031,-0.0051465048267151925
2020-12-15,124.60574340820312,0.05009021261011681
2020-12-16,124.53753662109375,-0.0005473807646725337
2020-12-17,125.4047622680664,0.0069635683385258496
2020-12-18,123.41698455810547,-0.015850894926237702
2020-12-21,124.94678497314453,0.012395379943178186
2020-12-22,128.50332641601562,0.02846444943449744
2020-12-23,127.60691833496094,-0.006975757795970705
2020-12-24,128.5910186767578,0.007711966989232266
2020-12-28,133.19020080566406,0.0357659669876893
2020-12-29,131.41677856445312,-0.013314960338550064
2020-12-30,130.29623413085938,-0.008526646641579205
2020-12-31,129.2926025390625,-0.007702690707000026
2021-01-04,126.0965805053711,-0.024719295388348383
2021-01-05,127.65559387207031,0.012363645076266083
2021-01-06,123.35853576660156,-0.03366133809831351
2021-01-07,127.56793212890625,0.03412326788856346
2021-01-08,128.6689910888672,0.008631157859079641
2021-01-11,125.67758178710938,-0.023248875089816656
2021-01-12,125.50221252441406,-0.001395390173820954
2021-01-13,127.5386734008789,0.016226493824311516
2021-01-14,125.609375,-0.015127163780469521
2021-01-15,123.88471221923828,-0.01373036670839034
2021-01-19,124.55702209472656,0.00542689944097785
2021-01-20,128.64950561523438,0.03285630510173454
2021-01-21,133.36557006835938,0.03665824000311235
2021-01-22,135.50926208496094,0.016073803872339587
2021-01-25,139.2606658935547,0.027683744645009778
2021-01-26,139.4945526123047,0.0016794887289190985
2021-01-27,138.42269897460938,-0.007683838670562992
2021-01-28,133.57994079589844,-0.03498528936788925
2021-01-29,128.58128356933594,-0.03742071748781595
2021-02-01,130.70545959472656,0.01652010282075911
2021-02-02,131.53370666503906,0.006336744255982962
2021-02-03,130.51060485839844,-0.007778248120430709
2021-02-04,133.87228393554688,0.025757899756849723
2021-02-05,133.45753479003906,-0.0030980956872858068
2021-02-08,133.6039276123047,0.0010969243699574527
2021-02-09,132.72564697265625,-0.006573763626149143
2021-02-10,132.12059020996094,-0.004558702681027205
2021-02-11,131.86685180664062,-0.0019205061294161885
2021-02-12,132.10105895996094,0.0017760881534030215
2021-02-16,129.97373962402344,-0.016103726591489953
2021-02-17,127.68048095703125,-0.017644015426700244
2021-02-18,126.57778930664062,-0.008636336910116449
2021-02-19,126.73390197753906,0.0012333338396379734
2021-02-22,122.95734405517578,-0.029799113445055925
2021-02-23,122.82073974609375,-0.001110989425899822
2021-02-24,122.32304382324219,-0.0040522140143468555
2021-02-25,118.0683364868164,-0.03478254957891558
2021-02-26,118.33183288574219,0.002231727885445345
2021-03-01,124.70413970947266,0.053851163024605464
2021-03-02,122.09861755371094,-0.020893630009652386
2021-03-03,119.11248016357422,-0.024456766587247603
2021-03-04,117.2291030883789,-0.01581175266108903
2021-03-05,118.4879379272461,0.01073824507484411
2021-03-08,113.5501480102539,-0.041673355139525525
2021-03-09,118.16590881347656,0.04064953576992125
2021-03-10,117.08271026611328,-0.009166760178463074
2021-03-11,119.01490783691406,0.016502842874145607
2021-03-12,118.10735321044922,-0.00762555416762134
2021-03-15,120.99591064453125,0.02445704992588449
2021-03-16,122.5377426147461,0.012742843638282375
2021-03-17,121.7472915649414,-0.006450674159143244
2021-03-18,117.61943817138672,-0.03390509423655508
2021-03-19,117.09248352050781,-0.004480166365962934
2021-03-22,120.41036987304688,0.028335604923419133
2021-03-23,119.5809097290039,-0.006888610548389629
2021-03-24,117.1900634765625,-0.019993544603896907
2021-03-25,117.67798614501953,0.0041635156939274776
2021-03-26,118.28304290771484,0.005141630839515576
2021-03-29,118.45867919921875,0.0014848814097634389
2021-03-30,117.00464630126953,-0.01227459995146396
2021-03-31,119.20032501220703,0.01876573948425908
2021-04-01,120.02980041503906,0.006958667291780296
2021-04-05,122.8597640991211,0.02357717562052586
2021-04-06,123.16228485107422,0.0024623256781532987
2021-04-07,124.81147003173828,0.013390342527813903
2021-04-08,127.2120590209961,0.019233720976504554
2021-04-09,129.788330078125,0.02025178333685873
2021-04-12,128.07080078125,-0.013233310697819634
2021-04-13,131.1837615966797,0.02430656165527334
2021-04-14,128.8417510986328,-0.0178528993950281
2021-04-15,131.2521209716797,0.018707987531166426
2021-04-16,130.92030334472656,-0.002528093447150659
2021-04-19,131.5838623046875,0.005068419053488649
2021-04-20,129.8956756591797,-0.01282973926999309
2021-04-21,130.27626037597656,0.0029299259953461387
2021-04-22,128.75390625,-0.011685583555922308
2021-04-23,131.07644653320312,0.01803860054306594
2021-04-26,131.4667510986328,0.002977686500913901
2021-04-27,131.14476013183594,-0.0024492197769100388
2021-04-28,130.3543243408203,-0.006027200707226288
2021-04-29,130.25672912597656,-0.0007486918085554128
2021-04-30,128.2855224609375,-0.015133242468668429
2021-05-03,129.33944702148438,0.008215459861168561
2021-05-04,124.76268005371094,-0.035385700752324944
2021-05-05,125.00665283203125,0.001955494850024664
2021-05-06,126.6070327758789,0.012802358175272976
2021-05-07,127.2815170288086,0.005327383780675543
2021-05-10,123.99710083007812,-0.0258043451665263
2021-05-11,123.07823181152344,-0.007410407278907849
2021-05-12,120.00884246826172,-0.0249385232309971
2021-05-13,122.15937042236328,0.017919745827648548
2021-05-14,124.58360290527344,0.019844834452964477
2021-05-17,123.43010711669922,-0.009258809038066418
2021-05-18,122.04206848144531,-0.01124554347134743
2021-05-19,121.88566589355469,-0.001281546517825527
2021-05-20,124.44673919677734,0.021012095921593366
2021-05-21,122.6090316772461,-0.014767020264190522
2021-05-24,124.24147033691406,0.01331417952932834
2021-05-25,124.04597473144531,-0.0015735132958312192
2021-05-26,123.99710083007812,-0.00039399828549857574
2021-05-27,122.46238708496094,-0.012377013130494996
2021-05-28,121.8074722290039,-0.005347885759426463
2021-06-01,121.48487854003906,-0.0026483899802004496
2021-06-02,122.2473373413086,0.006276162189339907
2021-06-03,120.76152038574219,-0.012154186650446874
2021-06-04,123.05867767333984,0.01902226206046409
2021-06-07,123.06844329833984,7.935746738585436e-05
2021-06-08,123.8895492553711,0.006671945585926764
2021-06-09,124.27079772949219,0.003077325540471909
2021-06-10,123.27373504638672,-0.008023306370623207
2021-06-11,124.48585510253906,0.009832751929648609
2021-06-14,127.5454330444336,0.02457771559165778
2021-06-15,126.7243423461914,-0.006437633074295457
2021-06-16,127.22284698486328,0.003933771755627147
2021-06-17,128.82594299316406,0.012600692770941668
2021-06-18,127.52593231201172,-0.010091218049312678
2021-06-21,129.3245086669922,0.014103612672126786
2021-06-22,130.96673583984375,0.012698499223223525
2021-06-23,130.69305419921875,-0.002089703456911951
2021-06-24,130.40956115722656,-0.0021691515568995623
2021-06-25,130.11630249023438,-0.0022487512755190453
2021-06-28,131.7487335205078,0.012545937742090008
2021-06-29,133.2638702392578,0.011500199495383834
2021-06-30,133.8797149658203,0.004621242992994601
2021-07-01,134.18276977539062,0.0022636350073472755
2021-07-02,136.81228637695312,0.019596529464729784
2021-07-06,138.825927734375,0.014718278677645857
2021-07-07,141.3185577392578,0.01795507543556374
2021-07-08,140.01846313476562,-0.009199744359767337
2021-07-09,141.846435546875,0.013055224083912353
2021-07-12,141.2501220703125,-0.0042039369848348995
2021-07-13,142.36453247070312,0.007889624334879386
2021-07-14,145.79556274414062,0.024100316377209774
2021-07-15,145.14065551757812,-0.004491955819751592
2021-07-16,143.09765625,-0.01407599586961139
2021-07-19,139.24624633789062,-0.026914556206152906
2021-07-20,142.86300659179688,0.025973843812851838
2021-07-21,142.12989807128906,-0.005131549013262293
2021-07-22,143.49842834472656,0.009628729014855564
2021-07-23,145.2188262939453,0.011988967189841437
2021-07-26,145.63916015625,0.002894486018320208
2021-07-27,143.46910095214844,-0.01490024524841671
2021-07-28,141.71932983398438,-0.01219615308489086
2021-07-29,142.36453247070312,0.004552679140344296
2021-07-30,142.57952880859375,0.001510181884205375
2021-08-02,142.2471923828125,-0.0023308845846123916
2021-08-03,144.04580688476562,0.01264428824094277
2021-08-04,143.64501953125,-0.0027823604323050644
2021-08-05,143.75254821777344,0.0007485723269371469
2021-08-06,143.0672607421875,-0.0047671327157817744
2021-08-09,143.0183563232422,-0.00034182816314232145
2021-08-10,142.5386199951172,-0.0033543689108042063
2021-08-11,142.79318237304688,0.0017859186369169056
2021-08-12,145.75946044921875,0.020773247201834044
2021-08-13,145.96505737304688,0.0014105219873514763
2021-08-16,147.9425506591797,0.01354771697913204
2021-08-17,147.03213500976562,-0.0061538458364924775
2021-08-18,143.28265380859375,-0.025501100156933965
2021-08-19,143.61549377441406,0.0023229606443844197
2021-08-20,145.07418823242188,0.01015694351404095
2021-08-23,146.56224060058594,0.010257182110025465
2021-08-24,146.47410583496094,-0.0006013470131449594
2021-08-25,145.24063110351562,-0.008421111188315566
2021-08-26,144.43785095214844,-0.005527242241153751
2021-08-27,145.47557067871094,0.007184541446177306
2021-08-30,149.9005126953125,0.030417079623452636
2021-08-31,148.63763427734375,-0.00842477717561696
2021-09-01,149.3033447265625,0.004478747609616862
2021-09-02,150.41937255859375,0.007474901745002205
2021-09-03,151.05569458007812,0.00423031961017184
2021-09-07,153.39547729492188,0.015489536633148004
2021-09-08,151.84869384765625,-0.01008363137259738
2021-09-09,150.83053588867188,-0.006705082099723869
2021-09-10,145.8377685546875,-0.03310183382010612
2021-09-13,146.4055633544922,0.0038933316481166713
2021-09-14,145.0056610107422,-0.009561811120253783
2021-09-15,145.89651489257812,0.006143580020437467
2021-09-16,145.6615447998047,-0.0016105257411148655
2021-09-17,142.98895263671875,-0.018347959763567734
2021-09-20,139.93460083007812,-0.02136075375277824
2021-09-21,140.41424560546875,0.003427635284950492
2021-09-22,142.7833709716797,0.016872400346526373
2021-09-23,143.74278259277344,0.006719351242127747
2021-09-24,143.8308868408203,0.0006129298908625902
2021-09-27,142.31344604492188,-0.010550173396190021
2021-09-28,138.92620849609375,-0.02380124747846335
2021-09-29,139.82687377929688,0.006483048036457717
2021-09-30,138.5248565673828,-0.009311637861325384
2021-10-01,139.65065002441406,0.008127014060351101
2021-10-04,136.2144775390625,-0.024605488658669628
2021-10-05,138.14306640625,0.014158472007018696
2021-10-06,139.01429748535156,0.006306730419168849
2021-10-07,140.27723693847656,0.00908496087071975
2021-10-08,139.8953857421875,-0.002722118032995824
2021-10-11,139.80731201171875,-0.0006295685165131903
2021-10-12,138.5346221923828,-0.009103170649824577
2021-10-13,137.94723510742188,-0.004240002070711513
2021-10-14,140.73733520507812,0.020225850090315634
2021-10-15,141.79461669921875,0.007512445028179604
2021-10-18,143.4686737060547,0.011806209895732778
2021-10-19,145.6322021484375,0.015080145278373092
2021-10-20,146.1217041015625,0.003361220567317025
2021-10-21,146.33706665039062,0.0014738573585100223
2021-10-22,145.5636749267578,-0.0052850022303678745
2021-10-25,145.5146942138672,-0.00033648994445401037
2021-10-26,146.18040466308594,0.004574867526714099
2021-10-27,145.72032165527344,-0.0031473644424018232
2021-10-28,149.362060546875,0.024991290509341013
2021-10-29,146.65032958984375,-0.018155420105363418
2021-11-01,145.82798767089844,-0.005607501334945919
2021-11-02,146.86570739746094,0.007116053256555954
2021-11-03,148.30479431152344,0.00979865851303141
2021-11-04,147.7859649658203,-0.0034983990107109175
2021-11-05,148.3153533935547,0.0035821292492612677
2021-11-08,147.49180603027344,-0.0055526777534350424
2021-11-09,147.8545684814453,0.0024595430819893682
2021-11-10,145.02120971679688,-0.019163146555082666
2021-11-11,144.97215270996094,-0.0003382747043121359
2021-11-12,147.0506134033203,0.01433696509644622
2021-11-15,147.06039428710938,6.651372315080728e-05
2021-11-16,148.04083251953125,0.006666908770200486
2021-11-17,150.48208618164062,0.016490407548791053
2021-11-18,154.77621459960938,0.02853581131767058
2021-11-19,157.40370178222656,0.016976039822489852
2021-11-22,157.86448669433594,0.0029274083575676624
2021-11-23,158.246826171875,0.0024219473647633105
2021-11-24,158.76646423339844,0.003283718694990112
2021-11-26,153.73696899414062,-0.031678574335850196
2021-11-29,157.09974670410156,0.021873578827283247
2021-11-30,162.06057739257812,0.031577585531186836
2021-12-01,161.54100036621094,-0.0032060667358265738
2021-12-02,160.55076599121094,-0.0061299259801236294
2021-12-03,158.66839599609375,-0.011724453530294832
2021-12-06,162.08023071289062,0.021502925616522006
2021-12-07,167.82534790039062,0.03544613159933685
2021-12-08,171.64889526367188,0.022782895498900668
2021-12-09,171.13914489746094,-0.0029697270432641476
2021-12-10,175.9333038330078,0.028013222447846875
2021-12-13,172.2960205078125,-0.020674217137692907
2021-12-14,170.9136505126953,-0.008023226485689539
2021-12-15,175.7862548828125,0.028509158604363538
2021-12-16,168.88418579101562,-0.03926398623372529
2021-12-17,167.7861328125,-0.006501810535856856
2021-12-20,166.42335510253906,-0.008122111685378908
2021-12-21,169.5998992919922,0.019087129853234464
2021-12-22,172.19796752929688,0.015318807665278822
2021-12-23,172.825439453125,0.0036438985478812747
2021-12-27,176.79603576660156,0.022974605625426525
2021-12-28,175.7764434814453,-0.005767053999458871
2021-12-29,175.8646697998047,0.0005019234466914213
2021-12-30,174.70779418945312,-0.006578215008554489
2021-12-31,174.0901641845703,-0.003535217233714527
2022-01-03,178.44309997558594,0.0250039157088775
2022-01-04,176.1783905029297,-0.012691493663616549
2022-01-05,171.4920654296875,-0.026599885830857706
2022-01-06,168.62930297851562,-0.0166932647525061
2022-01-07,168.79595947265625,0.0009883009132869436
2022-01-10,168.81553649902344,0.00011598042055238622
2022-01-11,171.64889526367188,0.01678375594692283
2022-01-12,172.09010314941406,0.00257040911952533
2022-01-13,168.81553649902344,-0.019028210167016613
2022-01-14,169.67832946777344,0.005110862345036438
2022-01-18,166.47242736816406,-0.018893998483278662
2022-01-19,162.97235107421875,-0.0210249610057327
2022-01-20,161.2860870361328,-0.01034693324954239
2022-01-21,159.22723388671875,-0.012765224745968418
2022-01-24,158.4527130126953,-0.004864248753918998
2022-01-25,156.64878845214844,-0.011384624007052091
2022-01-26,156.56056213378906,-0.0005632109844649902
2022-01-27,156.09974670410156,-0.0029433685176328828
2022-01-28,166.99203491210938,0.06977774428202599
2022-01-31,171.3548126220703,0.02612566349201706
2022-02-01,171.18812561035156,-0.0009727594408823759
2022-02-02,172.39401245117188,0.007044220132213397
2022-02-03,169.51165771484375,-0.01671957567055593
2022-02-04,169.22702026367188,-0.0016791615102408342
2022-02-07,168.5103759765625,-0.004234810055703697
2022-02-08,171.62222290039062,0.018466797108451782
2022-02-09,173.04562377929688,0.0082938028353845
2022-02-10,168.9619140625,-0.023599034911193417
2022-02-11,165.54576110839844,-0.020218479253483745
2022-02-14,165.78140258789062,0.0014234220067881331
2022-02-15,169.61964416503906,0.023152425526823173
2022-02-16,169.384033203125,-0.0013890546880572785
2022-02-17,165.78140258789062,-0.021269009522958404
2022-02-18,164.23037719726562,-0.009355846713884008
2022-02-22,161.30506896972656,-0.017812223764336332
2022-02-23,157.13304138183594,-0.025864206342291807
2022-02-24,159.7540283203125,0.016680049691824683
2022-02-25,161.82534790039062,0.012965679813250475
2022-02-28,162.09036254882812,0.0016376584501498481
2022-03-01,160.20562744140625,-0.011627681484481345
2022-03-02,163.50393676757812,0.020587974210694915
2022-03-03,163.18002319335938,-0.00198107507759393
2022-03-04,160.17616271972656,-0.018408261102361823
2022-03-07,156.37718200683594,-0.02371751606721917
2022-03-08,154.55130004882812,-0.01167614056332078
2022-03-09,159.960205078125,0.03499747350936566
2022-03-10,155.61148071289062,-0.02718628900925979
2022-03-11,151.8909912109375,-0.023908836834587888
2022-03-14,147.8564453125,-0.026562114489295463
2022-03-15,152.24436950683594,0.029676921997292105
2022-03-16,156.66184997558594,0.029015723097409296
2022-03-17,157.67295837402344,0.0064540818239735565
2022-03-18,160.97132873535156,0.02091906180579106
2022-03-21,162.34567260742188,0.008537817777039214
2022-03-22,165.7224884033203,0.020800158955047277
2022-03-23,167.08702087402344,0.008233840101303791
2022-03-24,170.87619018554688,0.02267781956792625
2022-03-25,171.5142059326172,0.00373378963082871
2022-03-28,172.37811279296875,0.005036940559261627
2022-03-29,175.67645263671875,0.019134330863172844
2022-03-30,174.50827026367188,-0.006649624098811646
2022-03-31,171.40625,-0.01777577795588081
2022-04-01,171.1117401123047,-0.0017181980685961884
2022-04-04,175.16600036621094,0.02369364165921839
2022-04-05,171.8480224609375,-0.01894190595399048
2022-04-06,168.67726135253906,-0.018450960697666274
2022-04-07,168.9815673828125,0.001804072628600606
2022-04-08,166.9691925048828,-0.011908842538848274
2022-04-11,162.7088165283203,-0.025515940471700582
2022-04-12,164.5837860107422,0.011523465798766619
2022-04-13,167.2735137939453,0.016342604872557454
2022-04-14,162.2572479248047,-0.029988404950468617
2022-04-18,162.04129028320312,-0.0013309583661966773
2022-04-19,164.3285369873047,0.014115209155049824
2022-04-20,164.16165161132812,-0.0010155593120716455
2022-04-21,163.3665313720703,-0.004843519978346422
2022-04-22,158.82147216796875,-0.027821238327880637
2022-04-25,159.89144897460938,0.0067369782689650215
2022-04-26,153.9230194091797,-0.03732800974477046
2022-04-27,153.69725036621094,-0.001466765944660775
2022-04-28,160.6375274658203,0.04515550592527151
2022-04-29,154.7574005126953,-0.03660493936808229
2022-05-02,155.061767578125,0.001966736740351971
2022-05-03,156.55386352539062,0.009622590858922475
2022-05-04,162.97386169433594,0.041008238470614966
2022-05-05,153.8936309814453,-0.055715871358076874
2022-05-06,154.6210479736328,0.004726751767103465
2022-05-09,149.4893035888672,-0.033189170892443665
2022-05-10,151.89791870117188,0.01611229067551867
2022-05-11,144.02333068847656,-0.0518413160629736
2022-05-12,140.14993286132812,-0.0268942386530876
2022-05-13,144.62298583984375,0.03191619779755084
2022-05-16,143.0795440673828,-0.010672174713431515
2022-05-17,146.71701049804688,0.025422686760526725
2022-05-18,138.43936157226562,-0.05641914933845682
2022-05-19,135.02804565429688,-0.02464122832716209
2022-05-20,135.26394653320312,0.001747050975692943
2022-05-23,140.69065856933594,0.0401194270551668
2022-05-24,137.9871063232422,-0.019216288228271927
2022-05-25,138.14439392089844,0.001139871701402173
2022-05-26,141.3493194580078,0.023199823359784766
2022-05-27,147.1102294921875,0.04075654595486844
2022-05-31,146.3237762451172,-0.00534601332473672
2022-06-01,146.1959686279297,-0.0008734576188998977
2022-06-02,148.6536865234375,0.016811119475959924
2022-06-03,142.92225646972656,-0.038555586395143226
2022-06-06,143.6693878173828,0.005227536746976291
2022-06-07,146.1959686279297,0.01758607626113351
2022-06-08,145.4586181640625,-0.0050435758987564805
2022-06-09,140.2285614013672,-0.035955633490181715
2022-06-10,134.8117218017578,-0.03862864701367863
2022-06-13,129.65049743652344,-0.038284685458019885
2022-06-14,130.51559448242188,0.006672531637003543
2022-06-15,133.1404571533203,0.020111486917005594
2022-06-16,127.86125946044922,-0.03965134119069258
2022-06-17,129.3358917236328,0.011533065366368778
2022-06-21,133.5730438232422,0.032760837252070685
2022-06-22,133.0618438720703,-0.0038271191292784668
2022-06-23,135.93246459960938,0.021573582959657278
2022-06-24,139.26513671875,0.02451711685620528
2022-06-27,139.26513671875,0.0
2022-06-28,135.11647033691406,-0.02978969812246901
2022-06-29,136.87620544433594,0.013023838641092134
2022-06-30,134.40866088867188,-0.018027564014167163
2022-07-01,136.58128356933594,0.016164305680149704
2022-07-05,139.1668243408203,0.018930417872166316
2022-07-06,140.50381469726562,0.009607105449004338
2022-07-07,143.87588500976562,0.023999848828059056
2022-07-08,144.55419921875,0.004714578881223508
2022-07-11,142.42086791992188,-0.01475800295223395
2022-07-12,143.39414978027344,0.0068338430636358805
2022-07-13,143.03042602539062,-0.0025365313399476896
2022-07-14,145.9600067138672,0.020482220251210714
2022-07-15,147.6312713623047,0.011450154642112187
2022-07-18,144.5836944580078,-0.02064316642520647
2022-07-19,148.4472198486328,0.026721722702604644
2022-07-20,150.45278930664062,0.013510320099310968
2022-07-21,152.72372436523438,0.015094004365484581
2022-07-22,151.4849853515625,-0.008110979605954749
2022-07-25,150.36428833007812,-0.007398073273621741
2022-07-26,149.037109375,-0.008826423945589523
2022-07-27,154.1393280029297,0.03423455171216272
2022-07-28,154.68988037109375,0.003571783887325708
2022-07-29,159.76266479492188,0.03279325326038629
2022-08-01,158.779541015625,-0.006153651609146937
2022-08-02,157.304931640625,-0.009287149752214563
2022-08-03,163.32144165039062,0.0382474341205703
2022-08-04,163.00686645507812,-0.0019261108163978191
2022-08-05,162.78045654296875,-0.0013889593551065227
2022-08-08,162.30789184570312,-0.002903080058267782
2022-08-09,162.35711669921875,0.0003032807151632788
2022-08-10,166.61001586914062,0.026194719741178707
2022-08-11,165.87164306640625,-0.004431743187122139
2022-08-12,169.425537109375,0.021425567247476796
2022-08-15,170.49859619140625,0.006333514417832475
2022-08-16,170.34109497070312,-0.0009237684310685612
2022-08-17,171.83746337890625,0.00878454144292351
2022-08-18,171.4436798095703,-0.0022916048781960185
2022-08-19,168.85459899902344,-0.01510164045372031
2022-08-22,164.9659423828125,-0.02302961624535571
2022-08-23,164.6312255859375,-0.002029005454339594
2022-08-24,164.92657470703125,0.0017940042664601474
2022-08-25,167.38771057128906,0.014922615525300609
2022-08-26,161.0773468017578,-0.03769908643827058
2022-08-29,158.8721466064453,-0.01369031858977976
2022-08-30,156.4405517578125,-0.015305356543436788
2022-08-31,154.77679443359375,-0.010635077066171617
2022-09-01,155.5053253173828,0.004706977466842677
2022-09-02,153.38868713378906,-0.013611354976260426
2022-09-06,152.12857055664062,-0.008215185882967546
2022-09-07,153.53636169433594,0.009253956259131169
2022-09-08,152.05967712402344,-0.009617816613710861
2022-09-09,154.92445373535156,0.018839817797268843
2022-09-12,160.8903045654297,0.03850812887337485
2022-09-13,151.4492950439453,-0.05867979147024971
2022-09-14,152.89645385742188,0.00955540145008027
2022-09-15,150.00216674804688,-0.018929720319569743
2022-09-16,148.35809326171875,-0.010960331587007155
2022-09-19,152.07937622070312,0.025083113951994918
2022-09-20,154.46173095703125,0.015665205865065923
2022-09-21,151.33119201660156,-0.020267408121307118
2022-09-22,150.3663787841797,-0.006375508046722045
2022-09-23,148.09230041503906,-0.01512358272858727
2022-09-26,148.427001953125,0.0022600873721856374
2022-09-27,149.40164184570312,0.006566459469995456
2022-09-28,147.51144409179688,-0.012651787025596328
2022-09-29,140.26583862304688,-0.04911893794654354
2022-09-30,136.05235290527344,-0.030039286537164922
2022-10-03,140.23629760742188,0.030752461187212976
2022-10-04,143.82962036132812,0.02562334299473168
2022-10-05,144.12490844726562,0.002053040849274934
2022-10-06,143.17001342773438,-0.006625468351160402
2022-10-07,137.91294860839844,-0.036719035596022076
2022-10-10,138.23782348632812,0.00235565174414587
2022-10-11,136.82022094726562,-0.010254809453092317
2022-10-12,136.190185546875,-0.004604841272939142
2022-10-13,140.76791381835938,0.03361276183817785
2022-10-14,136.22955322265625,-0.03224002169670015
2022-10-17,140.19691467285156,0.029122619551654738
2022-10-18,141.51612854003906,0.009409721107385804
2022-10-19,141.62440490722656,0.0007651167983786511
2022-10-20,141.1616973876953,-0.003267145375363434
2022-10-21,144.98141479492188,0.027059163200169323
2022-10-24,147.12750244140625,0.01480250175182829
2022-10-25,149.97259521484375,0.019337599879197143
2022-10-26,147.02908325195312,-0.019626998910526883
2022-10-27,142.54978942871094,-0.03046535912603321
2022-10-28,153.31979370117188,0.07555257931718673
2022-10-31,150.95709228515625,-0.015410283036387695
2022-11-01,148.30886840820312,-0.017542891406192807
2022-11-02,142.77621459960938,-0.03730494250260041
2022-11-03,136.72178649902344,-0.04240501905422067
2022-11-04,136.45553588867188,-0.001947389784534903
2022-11-07,136.98802185058594,0.003902267199686893
2022-11-08,137.5599822998047,0.004175258840094731
2022-11-09,132.9943389892578,-0.03319019989837091
2022-11-10,144.8274688720703,0.0889746884923297
2022-11-11,147.61813354492188,0.019268890733129096
2022-11-14,146.21786499023438,-0.009485748946022166
2022-11-15,147.95338439941406,0.011869407403094057
2022-11-16,146.7207794189453,-0.008331036058906394
2022-11-17,148.6239471435547,0.012971357786855098
2022-11-18,149.18597412109375,0.003781537150242764
2022-11-21,145.95164489746094,-0.021679847872344338
2022-11-22,148.0914306640625,0.014660922582303781
2022-11-23,148.9690704345703,0.005926337307785801
2022-11-25,146.05023193359375,-0.01959358739677819
2022-11-28,142.21432495117188,-0.026264299149938997
2022-11-29,139.20669555664062,-0.02114856851139224
2022-11-30,145.97132873535156,0.048594165328481154
2022-12-01,146.2474365234375,0.0018915206875078638
2022-12-02,145.75440979003906,-0.0033711820536383996
2022-12-05,144.59080505371094,-0.007983324401672043
2022-12-06,140.9225616455078,-0.025369824912728656
2022-12-07,138.97998046875,-0.013784742159629437
2022-12-08,140.6661376953125,0.012132374899431086
2022-12-09,140.1829833984375,-0.003434759102588947
2022-12-12,142.4805908203125,0.01639005937935134
2022-12-13,143.44696044921875,0.00678246505957425
2022-12-14,141.21839904785156,-0.0155357868468472
2022-12-15,134.6016845703125,-0.04685447875171711
2022-12-16,132.63934326171875,-0.014578876296073906
2022-12-19,130.5290985107422,-0.015909644145423063
2022-12-20,130.4600830078125,-0.0005287365324445625
2022-12-21,133.56626892089844,0.0238094736832255
2022-12-22,130.39105224609375,-0.0237725939375093
2022-12-23,130.0261993408203,-0.0027981437298690848
2022-12-27,128.22164916992188,-0.013878358208167074
2022-12-28,124.28715515136719,-0.030685099154672546
2022-12-29,127.8074951171875,0.028324246069780568
2022-12-30,128.123046875,0.002468961288406124
2023-01-03,123.33065032958984,-0.03740464079101813
2023-01-04,124.60269165039062,0.01031407292024622
2023-01-05,123.28131866455078,-0.010604690543502437
2023-01-06,127.81733703613281,0.036794044878158516
2023-01-09,128.3399658203125,0.004088872419802936
2023-01-10,128.91192626953125,0.004456604344273751
2023-01-11,131.63357543945312,0.021112469952790924
2023-01-12,131.5546875,-0.000599299526657715
2023-01-13,132.8858642578125,0.010118809014787011
2023-01-17,134.04946899414062,0.008756422233674233
2023-01-18,133.3296356201172,-0.005369908433243364
2023-01-19,133.38880920410156,0.0004438141881146773
2023-01-20,135.95263671875,0.019220709218008336
2023-01-23,139.14756774902344,0.0235003241377576
2023-01-24,140.54782104492188,0.010063081364268145
2023-01-25,139.8871307373047,-0.004700822130896065
2023-01-26,141.95797729492188,0.014803695999069832
2023-01-27,143.90052795410156,0.013683983783059794
2023-01-30,141.01129150390625,-0.02007801146578736
2023-01-31,142.28335571289062,0.009021009561841709
2023-02-01,143.40750122070312,0.007900752004196931
2023-02-02,148.72254943847656,0.03706255371951306
2023-02-03,152.35137939453125,0.024399998317375937
2023-02-06,149.619873046875,-0.017928989934398287
2023-02-07,152.499267578125,0.019244733153515714
2023-02-08,149.8072509765625,-0.01765265266066529
2023-02-09,148.77182006835938,-0.006911754280606308
2023-02-10,149.13726806640625,0.0024564329311758115
2023-02-13,151.94204711914062,0.01880669459149198
2023-02-14,151.3000946044922,-0.00422498266161353
2023-02-15,153.40370178222656,0.01390354172106334
2023-02-16,151.80377197265625,-0.010429538472556454
2023-02-17,150.65817260742188,-0.007546580367190914
2023-02-21,146.63865661621094,-0.026679707590007817
2023-02-22,147.0633087158203,0.002895908278270687
2023-02-23,147.54721069335938,0.0032904330914662605
2023-02-24,144.89060974121094,-0.018005090978436278
2023-02-27,146.0855712890625,0.008247336041899977
2023-02-28,145.58189392089844,-0.0034478242013882276
2023-03-01,143.50791931152344,-0.014246102681573114
2023-03-02,144.10049438476562,0.004129215140774578
2023-03-03,149.1570281982422,0.03509032939175771
2023-03-06,151.92230224609375,0.018539347969418474
2023-03-07,149.71994018554688,-0.014496634318899027
2023-03-08,150.97418212890625,0.008377253836763465
2023-03-09,148.72247314453125,-0.014914530104573887
2023-03-10,146.65838623046875,-0.013878782879414464
2023-03-13,148.60398864746094,0.013266220002821738
2023-03-14,150.69766235351562,0.014088946905870703
2023-03-15,151.09268188476562,0.0026212717906886063
2023-03-16,153.91725158691406,0.018694285301671165
2023-03-17,153.07777404785156,-0.00545408347931986
2023-03-20,155.44802856445312,0.015483988654424907
2023-03-21,157.30470275878906,0.011944018920549526
2023-03-22,155.8726806640625,-0.009103491946597542
2023-03-23,156.9590301513672,0.006969466892315701
2023-03-24,158.26268005371094,0.00830566996423543
2023-03-27,156.31710815429688,-0.012293308180764906
2023-03-28,155.6949005126953,-0.003980419347237363
2023-03-29,158.7761993408203,0.019790621388230623
2023-03-30,160.34649658203125,0.00989000396615003
2023-03-31,162.85499572753906,0.01564424043542778
2023-04-03,164.10926818847656,0.00770177454694676
2023-04-04,163.57595825195312,-0.0032497246646114863
2023-04-05,161.72911071777344,-0.011290458291768113
2023-04-06,162.6179962158203,0.0054961379191531545
2023-04-10,160.0205841064453,-0.015972476416003856
2023-04-11,158.8058624267578,-0.007591033906484634
2023-04-12,158.11453247070312,-0.004353302488272592
2023-04-13,163.50682067871094,0.034103684991807715
2023-04-14,163.1611785888672,-0.0021139307119361073
2023-04-17,163.180908203125,0.00012092100846805565
2023-04-18,164.40554809570312,0.007504798852165484
2023-04-19,165.5511474609375,0.0069681308113003215
2023-04-20,164.58331298828125,-0.005846135695825483
2023-04-21,162.97352600097656,-0.009780985435742906
2023-04-24,163.2796630859375,0.0018784467175307906
2023-04-25,161.73902893066406,-0.009435554472344565
2023-04-26,161.72911071777344,-6.132232248579061e-05
2023-04-27,166.3214874267578,0.028395486060628583
2023-04-28,167.57568359375,0.0075407945563528145
2023-05-01,167.48684692382812,-0.0005301286440653197
2023-05-02,166.44984436035156,-0.006191546276754445
2023-05-03,165.3733673095703,-0.006467275802618078
2023-05-04,163.7339630126953,-0.009913351366947265
2023-05-05,171.41749572753906,0.04692693301662776
2023-05-08,171.34835815429688,-0.0004033285689348798
2023-05-09,169.6398162841797,-0.00997115985540209
2023-05-10,171.4075927734375,0.010420763992672777
2023-05-11,171.59524536132812,0.00109477406953995
2023-05-12,170.6656036376953,-0.005417642672297052
2023-05-15,170.17115783691406,-0.0028971614094595033
2023-05-16,170.17115783691406,0.0
2023-05-17,170.7843017578125,0.003603101305134526
2023-05-18,173.11825561523438,0.013666091282392268
2023-05-19,173.22703552246094,0.0006283560727895487
2023-05-22,172.27764892578125,-0.00548059137429846
2023-05-23,169.6667938232422,-0.015154926473740282
2023-05-24,169.94366455078125,0.0016318498234104695
2023-05-25,171.08099365234375,0.006692388942940886
2023-05-26,173.49404907226562,0.014104754528287744
2023-05-30,175.34339904785156,0.010659443280476077
2023-05-31,175.29397583007812,-0.00028186528858120674
2023-06-01,178.10260009765625,0.01602236616676822
2023-06-02,178.953125,0.004775477179319143
2023-06-05,177.59828186035156,-0.007570938700558805
2023-06-06,177.2323455810547,-0.002060471956505827
2023-06-07,175.8577117919922,-0.007756111247954056
2023-06-08,178.5773468017578,0.015464974393516906
2023-06-09,178.96304321289062,0.0021598283211194946
2023-06-12,181.76182556152344,0.015638884422095156
2023-06-13,181.28709411621094,-0.00261183251128716
2023-06-14,181.92002868652344,0.0034913382742334242
2023-06-15,183.95729064941406,0.011198667775064841
2023-06-16,182.87933349609375,-0.0058598229486576114
2023-06-20,182.9683380126953,0.0004866843885531491
2023-06-21,181.92994689941406,-0.00567525028952931
2023-06-22,184.9363555908203,0.01652508969877542
2023-06-23,184.61990356445312,-0.001711140166876346
2023-06-26,183.22547912597656,-0.007552947496745621
2023-06-27,185.98468017578125,0.01505904671646463
2023-06-28,187.1615447998047,0.006327750344335525
2023-06-29,187.497802734375,0.0017966187174291992
2023-06-30,191.8294677734375,0.023102484273904267
2023-07-03,190.33612060546875,-0.0077847641725852235
2023-07-05,189.21859741210938,-0.005871314334895961
2023-07-06,189.6933135986328,0.0025088241484505502
2023-07-07,188.57577514648438,-0.005891290688890605
2023-07-10,186.5286407470703,-0.010855765528864247
2023-07-11,186.00445556640625,-0.0028102128368310275
2023-07-12,187.67581176757812,0.008985570781529839
2023-07-13,188.4373321533203,0.00405763736184217
2023-07-14,188.58566284179688,0.0007871619003598784
2023-07-17,191.8492431640625,0.017305559039254348
2023-07-18,191.5921173095703,-0.0013402495118122193
2023-07-19,192.94700622558594,0.007071736222980629
2023-07-20,190.99874877929688,-0.010097370694683083
2023-07-21,189.82186889648438,-0.00616171514386421
2023-07-24,190.62290954589844,0.004219959765810133
2023-07-25,191.4833221435547,0.004513689355103878
2023-07-26,192.35360717773438,0.004544965192985417
2023-07-27,191.0877227783203,-0.006581027608410728
2023-07-28,193.66893005371094,0.013507970255028257
2023-07-31,194.28208923339844,0.003166017282779654
2023-08-01,193.45135498046875,-0.004275917848153732
2023-08-02,190.4547882080078,-0.015490027313396104
2023-08-03,189.06033325195312,-0.00732171120072711
2023-08-04,179.98165893554688,-0.04801998473316693
2023-08-07,176.8763427734375,-0.017253514499615874
2023-08-08,177.8158416748047,0.005311614242107021
2023-08-09,176.22360229492188,-0.008954429284173449
2023-08-10,176.0060272216797,-0.0012346534199094705
2023-08-11,176.0654296875,0.0003375024523761816
2023-08-14,177.71925354003906,0.009393234409926121
2023-08-15,175.72872924804688,-0.011200386296602027
2023-08-16,174.85728454589844,-0.0049590337668599105
2023-08-17,172.31224060058594,-0.014554978089256876
2023-08-18,172.7974853515625,0.0028160782384656358
2023-08-21,174.1343536376953,0.007736618871581946
2023-08-22,175.51087951660156,0.007904964472261744
2023-08-23,179.36314392089844,0.02194886388186834
2023-08-24,174.66915893554688,-0.02617028717684422
2023-08-25,176.8774871826172,0.01264292025294056
2023-08-28,178.4421844482422,0.008846220570792651
2023-08-29,182.3340301513672,0.021810121385584358
2023-08-30,185.82980346679688,0.019172358075602247
2023-08-31,186.04763793945312,0.0011722257064925579
2023-09-01,187.62225341796875,0.008463506959588862
2023-09-05,187.8599090576172,0.0012666708523056958
2023-09-06,181.13580322265625,-0.03579319221803001
2023-09-07,175.8376922607422,-0.02924938564134394
2023-09-08,176.45167541503906,0.003491760761887397
2023-09-11,177.62020874023438,0.0066223985827664755
2023-09-12,174.58990478515625,-0.017060580981018147
2023-09-13,172.5201873779297,-0.01185473701800499
2023-09-14,174.0353546142578,0.00878255037486686
2023-09-15,173.31239318847656,-0.004154106660590129
2023-09-18,176.2436981201172,0.01691341789073819
2023-09-19,177.3330535888672,0.006180961250640271
2023-09-20,173.78778076171875,-0.01999217154049504
2023-09-21,172.24288940429688,-0.008889528082184794
2023-09-22,173.09454345703125,0.0049444946939745105
2023-09-25,174.37205505371094,0.007380426737696677
2023-09-26,170.2919921875,-0.0233986051546744
2023-09-27,168.77684020996094,-0.008897376547634783
2023-09-28,169.03433227539062,0.001525636249081197
2023-09-29,169.5492706298828,0.00304635364638961
2023-10-02,172.06463623046875,0.014835602602365938
2023-10-03,170.72772216796875,-0.007769836334697522
2023-10-04,171.9755096435547,0.007308640095123664
2023-10-05,173.21337890625,0.007197939202279402
2023-10-06,175.76837158203125,0.014750550401560591
2023-10-09,177.2538299560547,0.008451226808630752
2023-10-10,176.65963745117188,-0.003352212502433005
2023-10-11,178.0559539794922,0.007903992946358462
2023-10-12,178.9571533203125,0.005061326626146556
2023-10-13,177.1151885986328,-0.010292769456288653
2023-10-16,176.98643493652344,-0.0007269487339177649
2023-10-17,175.43167114257812,-0.008784649481769269
2023-10-18,174.1343536376953,-0.007395001691732461
2023-10-19,173.758056640625,-0.0021609578420880293
2023-10-20,171.20309448242188,-0.014704136358335451
2023-10-23,171.3218994140625,0.0006939414967923607
2023-10-24,171.7576446533203,0.0025434298869444483
2023-10-25,169.44036865234375,-0.013491545052645604
2023-10-26,165.27117919921875,-0.024605644370848334
2023-10-27,166.58828735351562,0.007969375911024645
2023-10-30,168.63818359375,0.01230516426334538
2023-10-31,169.11355590820312,0.0028188889628832925
2023-11-01,172.28248596191406,0.018738474492435486
2023-11-02,175.8476104736328,0.02069348193934739
2023-11-03,174.93650817871094,-0.005181203727863459
2023-11-06,177.49148559570312,0.014605169861868328
2023-11-07,180.05636596679688,0.01445072343884779
2023-11-08,181.11598205566406,0.005884913222466093
2023-11-09,180.64064025878906,-0.0026245160227158504
2023-11-10,184.8351287841797,0.02322007118321512
2023-11-13,183.24853515625,-0.008583831646971407
2023-11-14,185.8664093017578,0.014285921266850243
2023-11-15,186.43161010742188,0.0030408980718319434
2023-11-16,188.11732482910156,0.009042000552955454
2023-11-17,188.09751892089844,-0.00010528487060468272
2023-11-20,189.84271240234375,0.009278131319633287
2023-11-21,189.03952026367188,-0.004230829450906803
2023-11-22,189.70387268066406,0.0035143572945253165
2023-11-24,188.37515258789062,-0.00700418011502657
2023-11-27,188.19664001464844,-0.000947643947674548
2023-11-28,188.80152893066406,0.0032141323881687
2023-11-29,187.78018188476562,-0.005409633341865172
2023-11-30,188.35531616210938,0.0030628060510491384
2023-12-01,189.63449096679688,0.006791285909799161
2023-12-04,187.8396759033203,-0.009464602427154523
2023-12-05,191.79617309570312,0.02106316023681387
2023-12-06,190.70541381835938,-0.005687075293204558
2023-12-07,192.6390380859375,0.010139325511858921
2023-12-08,194.06695556640625,0.007412399348836862
2023-12-11,191.5581817626953,-0.01292736208690859
2023-12-12,193.07537841796875,0.00792029158615093
2023-12-13,196.29808044433594,0.016691418930645296
2023-12-14,196.4468231201172,0.0007577388196795543
2023-12-15,195.91136169433594,-0.0027257321715701277
2023-12-18,194.2454376220703,-0.008503458185670887
2023-12-19,195.28663635253906,0.005360222320868857
2023-12-20,193.19436645507812,-0.010713840621863646
2023-12-21,193.0455780029297,-0.0007701490207947526
2023-12-22,191.97467041015625,-0.00554743394721624
2023-12-26,191.42930603027344,-0.0028408142528263403
2023-12-27,191.52845764160156,0.0005179541909452468
2023-12-28,191.95484924316406,0.0022262571672788667
2023-12-29,190.9136505126953,-0.005424185607052712
2024-01-02,184.08151245117188,-0.03578653513342733
2024-01-03,182.7031707763672,-0.007487670306763117
2024-01-04,180.3828125,-0.012700153295135519
2024-01-05,179.65895080566406,-0.004012919436744755
2024-01-08,184.0021514892578,0.024174696913886295
2024-01-09,183.585693359375,-0.002263332936664697
2024-01-10,184.6269073486328,0.005671542102246407
2024-01-11,184.03192138671875,-0.00322263948661905
2024-01-12,184.35914611816406,0.001778086806786705
2024-01-16,182.08837890625,-0.012317084667221367
2024-01-17,181.14633178710938,-0.00517357079457359
2024-01-18,187.04640197753906,0.03257074063947196
2024-01-19,189.95181274414062,0.015533101604116695
2024-01-22,192.26222229003906,0.012163135021040716
2024-01-23,193.54141235351562,0.006653361478090147
2024-01-24,192.8671112060547,-0.0034840148124437587
2024-01-25,192.53988647460938,-0.0016966331345924512
2024-01-26,190.80458068847656,-0.009012708057048013
2024-01-29,190.120361328125,-0.0035859692565173296
2024-01-30,186.46136474609375,-0.019245684978034805
2024-01-31,182.8519287109375,-0.019357554526490017
2024-02-01,185.29127502441406,0.013340555555926503
2024-02-02,184.28973388671875,-0.005405225570191297
2024-02-05,186.1043701171875,0.009846648493096133
2024-02-06,187.71080017089844,0.00863187711658453
2024-02-07,187.81985473632812,0.0005809711818947072
2024-02-08,186.73902893066406,-0.005754587592357474
2024-02-09,187.50350952148438,0.004093844737214303
2024-02-12,185.81564331054688,-0.009001784634564913
2024-02-13,183.72067260742188,-0.011274458198461512
2024-02-14,182.83702087402344,-0.0048097566858283924
2024-02-15,182.54910278320312,-0.0015747253452499388
2024-02-16,181.01011657714844,-0.008430532840703164
2024-02-20,180.26547241210938,-0.004113826227616912
2024-02-21,181.0200653076172,0.004186009031073468
2024-02-22,183.05545043945312,0.011243975237646087
2024-02-23,181.21864318847656,-0.010034157664068566
2024-02-26,179.86834716796875,-0.007451198159029615
2024-02-27,181.32785034179688,0.008114285791847475
2024-02-28,180.12649536132812,-0.006625319707944666
2024-02-29,179.46127319335938,-0.0036930833891722914
2024-03-01,178.3790283203125,-0.006030520422536045
2024-03-04,173.8515625,-0.025381155301410163
2024-03-05,168.90704345703125,-0.028441038848694533
2024-03-06,167.91416931152344,-0.005878228196921742
2024-03-07,167.7950439453125,-0.0007094420125435263
2024-03-08,169.51271057128906,0.010236694634058408
2024-03-11,171.518310546875,0.0118315610010995
2024-03-12,171.99485778808594,0.002778404472918883
2024-03-13,169.9098663330078,-0.012122405761961996
2024-03-14,171.76651000976562,0.010927226987036631
2024-03-15,171.38922119140625,-0.0021965214193262472
2024-03-18,172.48138427734375,0.006372414077999489
2024-03-19,174.82455444335938,0.01358506122752301
2024-03-20,177.39608764648438,0.014709222118785004
2024-03-21,170.14813232421875,-0.040857469961284476
2024-03-22,171.05166625976562,0.005310278303996885
2024-03-25,169.63185119628906,-0.00830050413727268
2024-03-26,168.49998474121094,-0.006672487785141179
2024-03-27,172.07431030273438,0.021212616529390438
2024-03-28,170.25735473632812,-0.010559133221046402
2024-04-01,168.81768798828125,-0.008455827064131505
2024-04-02,167.6361846923828,-0.006998693738658801
2024-04-03,168.44039916992188,0.0047973799869927
2024-04-04,167.6163330078125,-0.004892330855129745
2024-04-05,168.3708953857422,0.004501723456117546
2024-04-08,167.24896240234375,-0.006663461525390435
2024-04-09,168.46026611328125,0.0072425185396578495
2024-04-10,166.583740234375,-0.011139278847181577
2024-04-11,173.79197692871094,0.04327094999904735
2024-04-12,175.2912139892578,0.008626618368935635
2024-04-15,171.45872497558594,-0.021863554518521067
2024-04-16,168.17234802246094,-0.019167160805569683
2024-04-17,166.8021697998047,-0.008147464424253958
2024-04-18,165.84901428222656,-0.00571428728248613
2024-04-19,163.8235626220703,-0.012212624047976073
2024-04-22,164.65757751464844,0.005090933680292009
2024-04-23,165.7100067138672,0.006391623240813882
2024-04-24,167.81491088867188,0.012702335945464327
2024-04-25,168.67869567871094,0.005147246960742979
2024-04-26,168.0928955078125,-0.0034728758634358092
2024-04-29,172.26296997070312,0.024808154147697437
2024-04-30,169.11557006835938,-0.018270902347028106
2024-05-01,168.0928955078125,-0.006047193408232565
2024-05-02,171.79629516601562,0.022031863077943026
2024-05-03,182.072509765625,0.059816275954489795
2024-05-06,180.41441345214844,-0.009106791110920387
2024-05-07,181.0994873046875,0.0037972235113064023
2024-05-08,181.4370574951172,0.0018640041198003665
2024-05-09,183.25404357910156,0.010014415517256126
2024-05-10,181.9913787841797,-0.006890242475751096
2024-05-13,185.2026824951172,0.017645361733017673
2024-05-14,186.34603881835938,0.006173540835577862
2024-05-15,188.622802734375,0.012217935677371061
2024-05-16,188.74209594726562,0.0006324432208688613
2024-05-17,188.77194213867188,0.00015813213929005698
2024-05-20,189.93516540527344,0.006162055935977184
2024-05-21,191.2375946044922,0.006857230447240736
2024-05-22,189.79595947265625,-0.007538450453831835
2024-05-23,185.7992401123047,-0.021057979165923002
2024-05-24,188.8813018798828,0.016588129024183385
2024-05-28,188.8912353515625,5.2591080116570765e-05
2024-05-29,189.18951416015625,0.0015791034879866217
2024-05-30,190.18373107910156,0.0052551375447988935
2024-05-31,191.13816833496094,0.005018501059180558
2024-06-03,192.90786743164062,0.009258742574002055
2024-06-04,193.2260284423828,0.00164928996923841
2024-06-05,194.7372283935547,0.007820892264638557
2024-06-06,193.3552703857422,-0.007096527044226142
2024-06-07,195.75132751464844,0.012391992854015044
2024-06-10,192.0031280517578,-0.01914776012239372
2024-06-11,205.9519805908203,0.07264909004660769
2024-06-12,211.8377685546875,0.028578447980847077
2024-06-13,213.0010223388672,0.005491248289274608
2024-06-14,211.26112365722656,-0.008168499205006619
2024-06-17,215.4169464111328,0.019671497916716074
2024-06-18,213.05068969726562,-0.010984543014322945
2024-06-20,208.4673614501953,-0.0215128533664124
2024-06-21,206.29005432128906,-0.010444355000034045
2024-06-24,206.936279296875,0.0031326036425365356
2024-06-25,207.8608856201172,0.004468072618217578
2024-06-26,212.0167236328125,0.019993362388970315
2024-06-27,212.86183166503906,0.003986044203240224
2024-06-28,209.40191650390625,-0.016254276936681467
2024-07-01,215.49647521972656,0.02910459855178371
2024-07-02,218.99612426757812,0.016239936380784137
2024-07-03,220.2687225341797,0.005811053829640533
2024-07-05,225.031005859375,0.02162033388311113
2024-07-08,226.50247192382812,0.006538948083326224
2024-07-09,227.35748291015625,0.0037748417448426608
2024-07-10,231.6326141357422,0.01880356507674441
2024-07-11,226.25392150878906,-0.02322079145470024
2024-07-12,229.20672607421875,0.013050843696934544
2024-07-15,233.04440307617188,0.016743300110270143
2024-07-16,233.46197509765625,0.001791813130770148
2024-07-17,227.55633544921875,-0.025295938004324614
2024-07-18,222.8834991455078,-0.020534854784360568
2024-07-19,223.01275634765625,0.0005799316802006516
2024-07-22,222.664794921875,-0.0015602758850207232
2024-07-23,223.7086944580078,0.0046882109787453885
2024-07-24,217.276123046875,-0.028754230704878814
2024-07-25,216.23220825195312,-0.0048045536724560245
2024-07-26,216.69947814941406,0.002160963444060471
2024-07-29,216.97787475585938,0.0012847128605144587
2024-07-30,217.5346221923828,0.002565918009612256
2024-07-31,220.795654296875,0.01499086477189926
2024-08-01,217.09716796875,-0.01675072066025418
2024-08-02,218.5885009765625,0.006869426357635211
2024-08-05,208.0597381591797,-0.04816704799358007
2024-08-06,206.0315399169922,-0.009748153391579306
2024-08-07,208.60655212402344,0.01249814571142216
2024-08-08,212.0763702392578,0.016633313191291688
2024-08-09,214.98944091796875,0.013735951230325671
2024-08-12,216.52230834960938,0.007129966128083032
2024-08-13,220.24497985839844,0.01719301598603984
2024-08-14,220.69288635253906,0.0020336740225752603
2024-08-15,223.67898559570312,0.013530564090742825
2024-08-16,225.00283813476562,0.005918537834642024
2024-08-19,224.8435821533203,-0.0007077954338955417
2024-08-20,225.46070861816406,0.0027446923720639838
2024-08-21,225.3511962890625,-0.0004857268912741297
2024-08-22,223.4898681640625,-0.008259677142394395
2024-08-23,225.78916931152344,0.010288167272858306
2024-08-26,226.12757873535156,0.0014987850163938887
2024-08-27,226.97364807128906,0.003741557490109182
2024-08-28,225.44078063964844,-0.006753503962535712
2024-08-29,228.7255096435547,0.01457025208387952
2024-08-30,227.93917846679688,-0.0034378814063338314
2024-09-03,221.73802185058594,-0.02720531265367454
2024-09-04,219.82691955566406,-0.008618739713523893
2024-09-05,221.34982299804688,0.006927738629377345
2024-09-06,219.7970733642578,-0.007014912470938661
2024-09-09,219.88662719726562,0.0004074386962349408
2024-09-10,219.09036254882812,-0.0036212509081925415
2024-09-11,221.62852478027344,0.011585001740455958
2024-09-12,221.73802185058594,0.0004940567574551746
2024-09-13,221.4692840576172,-0.0012119608117990843
2024-09-16,215.31790161132812,-0.02777532998521237
2024-09-17,215.78570556640625,0.0021726198870475333
2024-09-18,219.66766357421875,0.017989875638995345
2024-09-19,227.8097686767578,0.03706556062944655
2024-09-20,227.1428680419922,-0.002927445291917685
2024-09-23,225.42088317871094,-0.007581065072062465
2024-09-24,226.31671142578125,0.003974025096690426
2024-09-25,225.32135009765625,-0.004398090277356381
2024-09-26,226.4660186767578,0.005080160307070036
2024-09-27,226.73475646972656,0.001186658354039194
2024-09-30,231.92063903808594,0.022872023015367615
2024-10-01,225.16209411621094,-0.029141627713284768
2024-10-02,225.72946166992188,0.0025198182488839205
2024-10-03,224.6245880126953,-0.0048946807787199065
2024-10-04,225.74935913085938,0.005007337478568852
2024-10-07,220.6630401611328,-0.022530823517324827
2024-10-08,224.72413635253906,0.018404061633705115
2024-10-09,228.47666931152344,0.016698397510348073
2024-10-10,227.97898864746094,-0.0021782559486803743
2024-10-11,226.4958953857422,-0.006505394512527407
2024-10-14,230.228515625,0.01647985820184883
2024-10-15,232.76669311523438,0.011024600855128686
2024-10-16,230.70628356933594,-0.008851822906116524
2024-10-17,231.07456970214844,0.0015963420116462679
2024-10-18,233.91136169433594,0.012276521799192697
2024-10-21,235.384521484375,0.006297940293999549
2024-10-22,234.76739501953125,-0.0026217801448966682
2024-10-23,229.69100952148438,-0.021623043087497518
2024-10-24,229.5019073486328,-0.0008232893975498312
2024-10-25,230.33799743652344,0.003643063787790446
2024-10-28,232.31878662109375,0.008599489474662825
2024-10-29,232.58753967285156,0.0011568287509875486
2024-10-30,229.0340576171875,-0.015278041380300311
2024-10-31,224.8634796142578,-0.018209422853174395
2024-11-01,221.8773651123047,-0.013279677549576596
2024-11-04,220.98153686523438,-0.00403749272313958
2024-11-05,222.4148712158203,0.006486217676457073
2024-11-06,221.68824768066406,-0.0032669737018221623
2024-11-07,226.42620849609375,0.021372178566067213
2024-11-08,226.15716552734375,-0.0011882147854568315
2024-11-11,223.4368133544922,-0.012028591561573432
2024-11-12,223.4368133544922,0.0
2024-11-13,224.32366943359375,0.0039691582859022745
2024-11-14,227.4127197265625,0.013770505362935781
2024-11-15,224.20408630371094,-0.014109296202558852
2024-11-18,227.21340942382812,0.013422249209323889
2024-11-19,227.4724884033203,0.001140245112069671
2024-11-20,228.18994140625,0.003154020989376116
2024-11-21,227.71163940429688,-0.0020960696120325695
2024-11-22,229.05685424804688,0.005907536598783958
2024-11-25,232.04624938964844,0.01305088708833968
2024-11-26,234.22850036621094,0.009404379438592514
2024-11-27,234.09896850585938,-0.0005530149411751006
2024-11-29,236.490478515625,0.010215807549385891
2024-12-02,238.7424774169922,0.009522577464861515
2024-12-03,241.79165649414062,0.012771833107112718
2024-12-04,242.150390625,0.0014836497506194313
2024-12-05,242.18026733398438,0.00012338080028384546
2024-12-06,241.98097229003906,-0.0008229202409396619
2024-12-09,245.8771514892578,0.01610118003224148
2024-12-10,246.8935546875,0.004133784664764217
2024-12-11,245.61807250976562,-0.005166121810465163
2024-12-12,247.0828857421875,0.005963784413150819
2024-12-13,247.2522735595703,0.0006855505870995149
2024-12-16,250.15196228027344,0.011727652405204347
2024-12-17,252.58334350585938,0.009719616841789014
2024-12-18,247.1725616455078,-0.021421768297346322
2024-12-19,248.90640258789062,0.007014698277349574
2024-12-20,253.5897979736328,0.018815889575554134
2024-12-23,254.36703491210938,0.0030649377249687415
2024-12-24,257.28668212890625,0.011478088022709665
2024-12-26,258.1037292480469,0.003175629272296643
2024-12-27,254.68588256835938,-0.013242143728976585
2024-12-30,251.30787658691406,-0.013263420600231446
2024-12-31,249.5341796875,-0.007057864335583752
2025-01-02,242.9874267578125,-0.026235896572911255
2025-01-03,242.49916076660156,-0.002009429038061228
2025-01-06,244.1333465576172,0.006738933800222391
2025-01-07,241.3532257080078,-0.011387714496238432
2025-01-08,241.84146118164062,0.0020229084247811446
2025-01-10,236.01217651367188,-0.024103743996115368
2025-01-13,233.5708465576172,-0.010344084750700366
2025-01-14,232.45480346679688,-0.00477817804434344
2025-01-15,237.02854919433594,0.01967584949558754
2025-01-16,227.4525604248047,-0.040400149273495556
2025-01-17,229.16647338867188,0.007535254651194867
2025-01-21,221.85243225097656,-0.03191584279123816
2025-01-22,223.03822326660156,0.005344953866827762
2025-01-23,222.8688507080078,-0.0007593880372303019
2025-01-24,221.991943359375,-0.0039346339600490055
2025-01-27,229.04689025878906,0.031780193427979775
2025-01-28,237.4171905517578,0.03654404686966739
2025-01-29,238.5133056640625,0.00461683128234025
2025-01-30,236.74954223632812,-0.0073948219485020505
2025-01-31,235.16519165039062,-0.006692095667732989
2025-02-03,227.2034454345703,-0.03385597230587034
2025-02-04,231.97650146484375,0.021007850568216746
2025-02-05,231.64767456054688,-0.0014175009202245237
2025-02-06,232.39501953125,0.0032262139998637807
2025-02-07,226.8247833251953,-0.02396882780573384
2025-02-10,227.0941162109375,0.0011874050171847284
2025-02-11,232.052001953125,0.021831854672898388
2025-02-12,236.29161071777344,0.018270080537830635
2025-02-13,240.94024658203125,0.01967330050413918
2025-02-14,244.00274658203125,0.01271062034444026
2025-02-18,243.87306213378906,-0.0005314876576546501
2025-02-19,244.27207946777344,0.001636168138018812
2025-02-20,245.229736328125,0.003920451581851392
2025-02-21,244.95042419433594,-0.0011389815035128814
2025-02-24,246.49664306640625,0.006312374747486027
2025-02-25,246.43678283691406,-0.00024284399473972762
2025-02-26,239.77308654785156,-0.027040185366615344
2025-02-27,236.72056579589844,-0.012730873159711109
2025-02-28,241.24948120117188,0.019131905122169668
2025-03-03,237.4487762451172,-0.015754251313333967
2025-03-04,235.35391235351562,-0.0088223823459046
2025-03-05,235.1643829345703,-0.0008052953828132647
2025-03-06,234.75538635253906,-0.0017391944176556873
2025-03-07,238.4862518310547,0.01589256603004152
2025-03-10,226.92454528808594,-0.04847955156408401
2025-03-11,220.30076599121094,-0.02918934700724396
2025-03-12,216.45018005371094,-0.01747876781169988
2025-03-13,209.1680145263672,-0.03364361039356367
2025-03-14,212.96871948242188,0.018170583894774106
2025-03-17,213.4774627685547,0.002388816946306438
2025-03-18,212.170654296875,-0.006121528964846634
2025-03-19,214.7144317626953,0.011989299247109786
2025-03-20,213.5772247314453,-0.005296369796450651
2025-03-21,217.73703002929688,0.0194768206351692
2025-03-24,220.19102478027344,0.011270452024841005
2025-03-25,223.2036590576172,0.013681912241200633
2025-03-26,220.9890594482422,-0.009921878605060552
2025-03-27,223.30340576171875,0.010472673711788838
2025-03-28,217.36793518066406,-0.02658029581236332
2025-03-31,221.58761596679688,0.019412618437147255
2025-04-01,222.64501953125,0.004771943413171442
2025-04-02,223.3433074951172,0.0031363286964034565
2025-04-03,202.69386291503906,-0.09245607048480542
2025-04-04,187.92002868652344,-0.07288742745362853
2025-04-07,181.0169219970703,-0.0367342786061855
2025-04-08,171.99899291992188,-0.049818154997102404
2025-04-09,198.3644561767578,0.15328847459654016
2025-04-10,189.95504760742188,-0.042393726837042345
2025-04-11,197.66615295410156,0.04059436926686022
2025-04-14,202.02549743652344,0.02205407661995684
2025-04-15,201.64642333984375,-0.001876367594633943
2025-04-16,193.79563903808594,-0.038933417075920684
2025-04-17,196.4990234375,0.013949665806890499
2025-04-21,192.68833923339844,-0.019392891310289984
2025-04-22,199.25228881835938,0.034065110587777614
2025-04-23,204.10043334960938,0.02433168803229968
2025-04-24,207.8612060546875,0.018426088780694405
2025-04-25,208.76898193359375,0.004367221263343435
2025-04-28,209.62689208984375,0.004109375580146679
2025-04-29,210.69427490234375,0.005091821959763321
2025-04-30,211.9811248779297,0.006107664653832723
2025-05-01,212.79913330078125,0.0038588738658813515
2025-05-02,204.8485870361328,-0.037361741757710676
2025-05-05,198.40435791015625,-0.03145849927117084
2025-05-06,198.0252685546875,-0.0019106906696092496
2025-05-07,195.7707977294922,-0.011384763377168206
2025-05-08,197.00778198242188,0.006318533035958307
2025-05-09,198.0452423095703,0.0052660880535218
2025-05-12,210.55104064941406,0.06314616899655467
2025-05-13,212.68861389160156,0.010152280585241868
2025-05-14,212.08929443359375,-0.0028178257737542234
2025-05-15,211.21029663085938,-0.004144470399044975
2025-05-16,211.0205078125,-0.0008985774907133148
2025-05-19,208.54331970214844,-0.01173908704907789
2025-05-20,206.62550354003906,-0.00919624836148425
2025-05-21,201.86090087890625,-0.023059121838798324
2025-05-22,201.13172912597656,-0.0036122485818445016
2025-05-23,195.04864501953125,-0.03024427887573744
2025-05-27,199.98304748535156,0.025298317070217013
2025-05-28,200.1927947998047,0.0010488254734115632
2025-05-29,199.72332763671875,-0.00234507522388816
2025-05-30,200.622314453125,0.004501160816033689
2025-06-02,201.47134399414062,0.00423197959474253
2025-06-03,203.03956604003906,0.007783846649397574
2025-06-04,202.590087890625,-0.002213746602105271
2025-06-05,200.40257263183594,-0.010797740805414291
2025-06-06,203.68882751464844,0.01639826694665114
2025-06-09,201.2216339111328,-0.012112562253018933
2025-06-10,202.44024658203125,0.00605607184084711
2025-06-11,198.55465698242188,-0.019193760456297837
2025-06-12,198.97418212890625,0.002112895022762018
2025-06-13,196.227294921875,-0.013805244367089187
2025-06-16,198.195068359375,0.010028031208825672
2025-06-17,195.418212890625,-0.014010719296581597
2025-06-18,196.35714721679688,0.004804743182752258
2025-06-20,200.7721405029297,0.02248450514132916
2025-06-23,201.27157592773438,0.00248757334336136
2025-06-24,200.07293701171875,-0.005955331300461331
2025-06-25,201.33151245117188,0.0062905831155934955
2025-06-26,200.7721405029297,-0.0027783626191049127
2025-06-27,200.85205078125,0.00039801477495893245
2025-06-30,204.93740844726562,0.020340134193924886
2025-07-01,207.58441162109375,0.012916154224275056
2025-07-02,212.1991729736328,0.022230770203315764
2025-07-03,213.30792236328125,0.005225041050401336
2025-07-07,209.7119903564453,-0.016857939297312052
2025-07-08,209.7719268798828,0.0002858039892503772
2025-07-09,210.90065002441406,0.005380715910463962
2025-07-10,212.16920471191406,0.006014939675876629
2025-07-11,210.92062377929688,-0.005884835805047839
2025-07-14,208.3834991455078,-0.012028812490351148
2025-07-15,208.87295532226562,0.0023488240612374867
2025-07-16,209.92176818847656,0.0050212956703405975
2025-07-17,209.78192138671875,-0.0006661853268702389
2025-07-18,210.9405975341797,0.005523241182089356
2025-07-21,212.23912048339844,0.0061558702516160135
2025-07-22,214.15695190429688,0.009036182474420285
2025-07-23,213.9072265625,-0.0011660856188711044
2025-07-24,213.51766967773438,-0.0018211487803653226
2025-07-25,213.63754272460938,0.0005614197975087887
2025-07-28,213.80735778808594,0.0007948746335069146
2025-07-29,211.03050231933594,-0.012987651582609505
2025-07-30,208.81301879882812,-0.010507881543836084
2025-07-31,207.33470153808594,-0.007079622090835236
2025-08-01,202.1505889892578,-0.0250035932739211
2025-08-04,203.11949157714844,0.004792974350137147
2025-08-05,202.68995666503906,-0.0021146907604691068
2025-08-06,213.0082550048828,0.05090680618623611
2025-08-07,219.7805633544922,0.03179364268982976
2025-08-08,229.0900115966797,0.04235792328538146
2025-08-11,227.17999267578125,-0.008337416841468825
2025-08-12,229.64999389648438,0.010872441677679756
2025-08-13,233.3300018310547,0.01602441991019199
2025-08-14,232.77999877929688,-0.0023571895917441354
2025-08-15,231.58999633789062,-0.005112133549474374
2025-08-18,230.88999938964844,-0.0030225698834628334
2025-08-19,230.55999755859375,-0.001429259958971918
2025-08-20,226.00999450683594,-0.019734572779050663
2025-08-21,224.89999389648438,-0.004911289931109564
2025-08-22,227.75999450683594,0.012716766064777785
2025-08-25,227.16000366210938,-0.0026343118159346535
2025-08-26,229.30999755859375,0.009464667467088184
2025-08-27,230.49000549316406,0.00514590705653295
2025-08-28,232.55999755859375,0.008980832210059075
2025-08-29,232.13999938964844,-0.00180597769760249
2025-09-02,229.72000122070312,-0.010424735828844955
2025-09-03,238.47000122070312,0.038089848308826335
2025-09-04,239.77999877929688,0.005493343195739575
2025-09-05,239.69000244140625,-0.00037532879451496193
2025-09-08,237.8800048828125,-0.007551410322323426
2025-09-09,234.35000610351562,-0.014839409394815983
2025-09-10,226.7899932861328,-0.03225949486019408
2025-09-11,230.02999877929688,0.014286368839370622
2025-09-12,234.07000732421875,0.017562963814985233
2025-09-15,236.6999969482422,0.011235910376080627
2025-09-16,238.14999389648438,0.0061258849469238985
2025-09-17,238.99000549316406,0.0035272375318422533
2025-09-18,237.8800048828125,-0.0046445482440198305
2025-09-19,245.5,0.03203293660995743
2025-09-22,256.0799865722656,0.04309566831880085
2025-09-23,254.42999267578125,-0.006443275472520216
2025-09-24,252.30999755859375,-0.008332331793480807
2025-09-25,256.8699951171875,0.018072995928489766
2025-09-26,255.4600067138672,-0.005489112898051984
2025-09-29,254.42999267578125,-0.004031997224675621
2025-09-30,254.6300048828125,0.0007861188255666729
2025-10-01,255.4499969482422,0.003220327729275496
2025-10-02,257.1300048828125,0.00657666061710982
2025-10-03,258.0199890136719,0.0034612223931820285
2025-10-06,256.69000244140625,-0.005154587353288997
2025-10-07,256.4800109863281,-0.0008180741481198517
2025-10-08,258.05999755859375,0.006160271773966164
2025-10-09,254.0399932861328,-0.015577789314472068
2025-10-10,245.27000427246094,-0.034522080166306646
2025-10-13,247.66000366210938,0.009744360696440912
2025-10-14,247.77000427246094,0.0004441597703503941
2025-10-15,249.33999633789062,0.0063364896410271765
2025-10-16,247.4499969482422,-0.007580008893106838
2025-10-17,252.2899932861328,0.019559492412937862
2025-10-20,262.239990234375,0.03943873008454002
2025-10-21,262.7699890136719,0.002021044840732289
2025-10-22,258.45001220703125,-0.016440145325788524
2025-10-23,259.5799865722656,0.004372119604812541
2025-10-24,262.82000732421875,0.012481781799657865
2025-10-27,268.80999755859375,0.02279122619072771
2025-10-28,269.0,0.0007068280314419528
2025-10-29,269.70001220703125,0.0026022758625696696
2025-10-30,271.3999938964844,0.006303231785351748
2025-10-31,270.3699951171875,-0.0037951319176879883
2025-11-03,269.04998779296875,-0.0048822256465500535
2025-11-04,270.0400085449219,0.003679690752169673
2025-11-05,270.1400146484375,0.00037033809935982376
2025-11-06,269.7699890136719,-0.001369754996301431
2025-11-07,268.4700012207031,-0.004818874767062664
